run_id,ckpt_ms,ckpt_gap_s,payload,keys,spin,backend,incremental,unaligned,lambda_meas,throughput,mean_lat_ms,steady_lat_ms,p95_lat_ms,p99_lat_ms,max_lat_ms,n_ckpt,ckpt_dur_ms,ckpt_dur_p95_ms,ckpt_size_mb,steady_bins,delta_direct_s,delta_direct_n,keep_up,overloaded,n_failures,D_restore_ms,D_eff_s,recover_ms,peak_lat_ms,mu_drain,ckpt_age_mean_s,replay_overhead,steady_rate,measure_s
m10_p1024_k200k_s32000_r50_c20_m55_0,20000,21.182000000000002,1024,200000,32000,rocksdb,False,False,54478.80036881973,64724.206666666665,48143.62853864257,36709.611492584496,61003.658788891036,61441.74589257229,132094.0,23,9790.173913043478,11987.0,579.4828489130435,327,1.6909000128084615,15,1.1880622596034762,False,8,2710.0,35.71374473079891,37219.16521344866,57569.769063350104,96849.0,11.77525,0.18855551014018457,72501.0,600.0
m10_p1024_k200k_s32000_r50_c20_m55_inc_0,20000,20.882,1024,200000,32000,rocksdb,True,False,54462.00042003221,63011.725,28154.483009048447,23397.065292829124,35117.7041595301,35334.95819587545,78093.0,26,9802.423076923076,12545.25,531.676976923077,439,1.3812750800581317,19,1.1569851366829895,False,7,1875.2857142857142,42.88108373564176,9821.336704799107,45397.56026480291,88978.5,8.299285714285714,0.1570738456778249,72338.0,600.0
m10_p1024_k200k_s32000_r50_c20_m55_una_0,20000,20.359,1024,200000,32000,rocksdb,False,True,54447.47365806578,62940.365,16091.5038152914,10603.988039931432,22536.857347162404,22746.377842819944,65450.0,26,8446.461538461539,11558.25,554.2680895384616,327,2.0951423927421216,16,1.1559832031008495,False,8,2525.75,22.6603946063589,27854.409040178572,30791.577864409526,91472.0,7.223375,0.15617782636828803,70067.0,600.0
m10_p1024_k200k_s32000_r50_c32_m55_0,32000,36.194,1024,200000,32000,rocksdb,False,False,54461.99929989499,73253.57166666667,104435.48840114576,102216.20336836834,114954.72352842955,115254.43062621543,221761.0,15,9372.066666666668,12017.4,595.3847438666667,439,0.5938359546977693,12,1.3450400758021366,False,11,1970.3636363636363,98.43849557558602,4398.971413352273,110663.57943794738,102310.5,19.39509090909091,0.345241862081449,90852.0,600.0
m10_p1024_k200k_s32000_r50_c32_m55_inc_0,32000,44.225,1024,200000,32000,rocksdb,True,False,54555.98294018393,74581.63833333334,82358.17124659571,68232.9941062124,102073.29223046254,102925.97331512539,231286.0,14,7926.857142857143,9973.5,487.671974,412,0.6164645486951226,11,1.3670661642208126,False,10,2200.3,51.5487738060281,9226.8052734375,80774.15059081331,96534.0,22.1721,0.36758584684261253,87374.5,600.0
m10_p1024_k200k_s32000_r50_c32_m55_una_0,32000,32.982,1024,200000,32000,rocksdb,False,True,54462.00019669585,72172.37833333333,31055.76418531494,21547.485277990538,41219.627390575806,41550.39144550846,97500.0,16,7702.75,9774.25,508.57186,351,2.0525687949533373,10,1.3251878020027612,False,8,1986.375,27.899408295137334,19937.43310546875,44716.53335508072,93262.0,19.313875,0.32538440068886376,88213.0,600.0
m10_p1024_k200k_s32000_r50_c32_m55_una_ctl_0,32000,34.057,1024,200000,32000,rocksdb,False,True,54462.000533653525,71988.27166666667,74879.20988150315,74540.89248959307,91774.80322259902,92408.88408042301,159449.0,14,8370.785714285714,10807.3,539.5482632142857,491,1.115640337741966,14,1.3218073328427073,False,7,2119.0,63.19015751605731,2981.9590890066966,78294.7382144141,nan,27.566857142857142,0.32260089337873454,85555.0,600.0
m10_p1024_k200k_s32000_r50_c48_m55_0,48000,47.296,1024,200000,32000,rocksdb,False,False,54461.99891982717,80401.01833333333,78255.39148534002,66904.2109132886,91154.65616420157,91606.17610023638,173988.0,11,8736.363636363636,10422.5,558.8376209090909,398,0.1561086314627306,7,1.476277403106167,False,9,2122.0,69.26213718504751,12262.867567274305,90463.80109180586,89081.5,27.136666666666667,0.4765136452894134,96713.5,600.0
m10_p1024_k200k_s32000_r50_c48_m55_inc_0,48000,48.946,1024,200000,32000,rocksdb,True,False,54462.0003333889,76730.07,63997.01805459059,52777.00503566003,75164.09851943747,75489.35695360371,124912.0,10,10193.5,11528.249999999998,590.0557492,380,1.268040163989972,8,1.408873517871125,False,7,2703.714285714286,52.192740165358416,19755.95731026786,70102.0109859051,104028.5,28.984999999999996,0.4091083692660027,92253.5,600.0
m10_p1024_k200k_s32000_r50_c48_m55_una_0,48000,51.5955,1024,200000,32000,rocksdb,False,True,54462.00103697949,74643.23833333333,113369.45926988743,102413.5033523702,123499.06151809733,123966.41209734045,259762.0,11,8377.454545454546,10331.0,549.9841310909092,430,1.186644056787845,7,1.3705562945190144,False,10,2009.6,97.99964692813899,7535.656640625,113620.40871615653,95127.0,27.4868,0.3709698704299276,87186.0,600.0
m10_p1024_k200k_s32000_r50_c72_m55_0,72000,55.219,1024,200000,32000,rocksdb,False,False,54461.999879931165,73084.09333333334,210144.6390098657,211445.66448114946,224921.48046036283,225396.75029169593,393776.0,8,9621.125,10994.4,555.419272,452,0.44699054006365685,5,1.3419281975406172,False,12,1775.1666666666667,197.06837757226575,2669.303466796875,200821.64135499953,nan,49.47358333333333,0.3426980110669622,87559.5,600.0
m10_p1024_k200k_s32000_r50_c72_m55_inc_0,72000,65.195,1024,200000,32000,rocksdb,True,False,54462.00090668479,75703.06333333334,108099.46890834757,96588.88515070909,117383.33831785935,117738.24973245249,262688.0,9,9113.555555555555,12145.8,584.1819116666667,462,1.0941024498090313,5,1.3900161961188864,False,8,2136.25,77.5228163849927,7715.53662109375,111277.8188351523,104820.5,39.3545,0.3900439969988261,87833.0,600.0
m10_p1024_k200k_s32000_r50_c72_m55_una_0,72000,51.502,1024,200000,32000,rocksdb,False,True,54462.00096681169,73703.64666666667,165488.27670908096,167505.51636873238,182118.1958758576,182557.31703689107,333692.0,7,7147.714285714285,8081.5,481.32753014285714,459,3.2352282993614874,5,1.3533040534368272,False,11,2025.909090909091,132.77106062209876,2849.590909090909,165640.17060777664,nan,47.19990909090909,0.35350707949875204,88433.0,600.0
m11_p1024_k200k_s32000_r50_c112_m600_0,112000,111.714,1024,200000,32000,rocksdb,False,False,54462.000504482,58749.717777777776,10787.223824356528,757.7646409242316,13073.311120217959,13163.966735339021,114777.0,16,9923.0625,13821.0,660.1812214375,1458,2.5716096407030813,13,1.0787286040464656,False,2,1145.0,11.79210688541989,146705.95068359375,73052.19951041101,90239.0,24.149,0.07880891537683254,55662.5,1800.0
m11_p1024_k200k_s32000_r50_c32_m600_0,32000,31.977,1024,200000,32000,rocksdb,False,False,54462.00007222684,58204.818333333336,6292.22502611062,1724.527267598821,8747.97620757304,8856.882404409189,51715.0,54,9553.981481481482,12422.2,609.3860417962962,1183,2.5191693383313747,38,1.0687234816228346,False,6,2837.3333333333335,11.893217184090272,79672.583984375,26595.22472851691,83031.0,14.141,0.06879176554118871,56664.0,1800.0
m11_p1024_k200k_s32000_r50_c48_m600_0,48000,48.061,1024,200000,32000,rocksdb,False,False,54462.000117786025,59871.43,7914.665179414919,880.8767154258799,10620.820605866047,10717.050426732008,55079.0,36,9350.388888888889,12870.75,610.9219935833333,1224,2.504039531082451,25,1.0993248479768443,False,5,2042.6,12.366553019706437,97860.73076171875,39307.42491457389,91197.5,26.2346,0.09940180610327154,55782.5,1800.0
m11_p1024_k200k_s32000_r50_c72_m600_0,72000,73.294,1024,200000,32000,rocksdb,False,False,54461.999675543295,60950.06888888889,12169.569960161562,1209.4887274379757,15102.928398513159,15218.781479191473,83665.0,24,9980.958333333334,12357.55,688.8674065833334,1250,2.958778547037263,18,1.1191302055010501,False,4,1959.5,10.668910742037692,117704.95849609375,57753.477701281896,93687.5,46.961749999999995,0.11917248535049652,55580.0,1800.0
m12_p1024_k200k_s32000_r50_c112_m150_0,112000,182.313,1024,200000,32000,rocksdb,False,False,54461.99943551416,87822.06888888888,285644.43827100814,287888.6544495667,303546.1264846085,304115.97863137716,535834.0,5,8784.4,10217.4,582.8255994,792,0.9058975855095682,5,1.6125384635001287,False,9,2097.0,223.59076620086302,2619.4209255642363,283855.26833470614,nan,90.664375,0.612656724993295,105144.5,900.0
m12_p1024_k200k_s32000_r50_c112_m300_0,112000,111.44550000000001,1024,200000,32000,rocksdb,False,False,54493.195971528214,61102.615,14969.074651005798,8153.4782091792695,18113.50877890687,18213.66842373822,114387.0,11,9114.272727272728,13037.0,621.3833921818182,992,3.29535013538616,10,1.1212888858991699,False,5,1626.2,16.39822635713936,35397.347493489586,65203.06439149597,103709.0,33.001400000000004,0.12188441954521156,56616.5,1200.0
m12_p1024_k200k_s32000_r50_c24_m150_0,24000,23.899,1024,200000,32000,rocksdb,False,False,54461.999208779875,59418.322222222225,7398.438603094556,2258.468387341264,10584.558862352409,10727.139700305686,47369.0,36,9292.944444444445,12124.25,624.6656480277778,617,2.0681758679407882,27,1.091005161129732,False,3,2469.0,20.093897795591182,75194.76245117188,29893.15160273382,92503.0,10.660666666666666,0.09115549810947154,56683.0,900.0
m12_p1024_k200k_s32000_r50_c24_m300_0,24000,24.2535,1024,200000,32000,rocksdb,False,False,54461.99925652168,62912.23333333333,17202.153074468293,1986.5905405474498,24237.296798052525,24581.370921275513,98239.0,45,9356.888888888889,12722.799999999997,605.7071363333333,473,2.3107211250311916,20,1.1551583524690339,False,9,2248.777777777778,21.226,164748.6742078993,48238.590649224556,87052.0,10.569777777777778,0.15538365228122863,56389.0,1200.0
m12_p1024_k200k_s32000_r50_c32_m150_0,32000,31.921,1024,200000,32000,rocksdb,False,False,54462.000404499275,57080.52111111111,2518.089881625117,1570.2737863257485,3822.6141902387444,3891.7589737218977,22741.0,28,8425.5,10176.9,573.0572587142857,734,1.5437737049991225,24,1.0480797746532189,False,4,2068.5,9.475825005495079,23213.309326171875,13145.966956712895,100607.0,3.5925000000000002,0.04822186695073882,56123.5,900.0
m12_p1024_k200k_s32000_r50_c32_m300_0,32000,32.685,1024,200000,32000,rocksdb,False,False,54461.99996666444,59374.778333333335,15139.751718764312,3262.0268260627536,20131.11561415794,20345.865006920587,76581.0,37,9226.594594594595,11894.399999999996,569.3253878648649,747,2.065100432145086,24,1.0902056180396598,False,3,2037.0,37.403920870487,220567.66259765625,56810.03995522758,73960.0,25.93133333333333,0.09027830325987707,56377.0,1200.0
m12_p1024_k200k_s32000_r50_c48_m150_0,48000,47.2655,1024,200000,32000,rocksdb,False,False,54462.0003577901,57793.943333333336,3843.107487368582,902.6244561918376,5775.644563120215,5848.856395967213,49470.0,19,8351.315789473685,11073.4,579.6245846842105,726,1.2264974237419624,16,1.0611792250312864,False,2,2666.5,12.140387853622206,69593.4501953125,28715.387853622207,94823.75,16.575,0.061215778019195755,55510.0,900.0
m12_p1024_k200k_s32000_r50_c48_m300_0,48000,48.032,1024,200000,32000,rocksdb,False,False,54462.00072670058,56435.17333333333,2655.6429715640693,1455.3699474425312,3769.254660037074,3834.154943929176,32919.0,25,9104.96,10306.0,627.47434808,1074,2.3358122414944416,23,1.0362302629412103,False,2,1823.5,7.879163032720863,37066.18701171875,23441.663032720862,104727.75,15.5625,0.0362786226102656,55559.5,1200.0
m12_p1024_k200k_s32000_r50_c72_m150_0,72000,73.1885,1024,200000,32000,rocksdb,False,False,54473.983859101645,65587.77666666667,16638.187592711845,1274.617787761965,22220.103308900765,22405.22632613167,104416.0,11,9615.90909090909,13188.5,642.7288782727272,506,2.474959042686872,7,1.2040201949670348,False,4,2103.25,11.737339191576131,87064.59814453125,48617.38347312106,100703.75,32.6475,0.20425301721703004,55051.5,900.0
m12_p1024_k200k_s32000_r50_c72_m300_0,72000,72.886,1024,200000,32000,rocksdb,False,False,54462.00030836803,66403.26333333334,27367.11421719033,674.725577621592,32519.216879275864,32695.501954936553,128997.0,15,8814.6,10806.199999999999,612.3632478666667,630,2.3737101501509303,8,1.2192586199065947,False,5,1883.2,64.99986227556174,207296.45493164062,85001.11809350479,96230.0,39.0928,0.2193958019343123,55197.0,1200.0
m2_p1024_k100k_s32000_r50_c128_m55_0,128000,120.024,1024,100000,32000,rocksdb,False,False,56240.000833437516,100807.1,148130.30128375549,121547.44899202704,157290.42594800697,157506.82571488433,320380.0,3,2142.3333333333335,2274.2,325.9778743333333,344,nan,2,1.7924448525268353,False,8,1501.0,98.52061251508451,1980.390771484375,205274.1557719087,110377.5,92.1965,0.7926689361438533,110230.0,480.0
m2_p1024_k100k_s32000_r50_c16_m55_0,16000,16.009999999999998,1024,100000,32000,rocksdb,False,False,56239.99849946231,66708.00208333334,3389.569133400756,143.50730338851528,4771.949765927944,4833.52087666519,23089.0,27,1622.962962962963,2548.6,361.1021657407407,236,0.18309025201139287,13,1.1861309364005603,False,9,1263.5555555555557,3.3536506314063512,18696.11496310764,11848.688060794819,108139.5,8.723777777777778,0.18655611900987212,56617.5,480.0
m2_p1024_k100k_s32000_r50_c2_m55_0,2000,2.181,1024,100000,32000,rocksdb,False,False,56239.99841633344,56958.84166666667,664.4317490729052,392.4474600345017,1136.4127722854266,1162.7447955109692,9069.0,232,1460.4612068965516,2120.9,361.6607618103448,399,-0.1747333612355226,197,1.0127817082250212,False,4,1861.5,3.0386384652083827,11840.966064453125,4132.838429903649,86196.0,1.0885,0.012994859226650224,57905.0,480.0
m2_p1024_k100k_s32000_r50_c32_m55_0,32000,32.048,1024,100000,32000,rocksdb,False,False,56240.00041673612,70824.81458333334,6190.711959535369,141.50027161734653,8717.320298903007,8799.52154781203,32938.0,14,1431.857142857143,2009.35,332.30160885714287,231,0.029889772777668727,7,1.259331686673619,False,7,1554.857142857143,2.4801637186882335,27152.724574497766,19419.773900088698,109994.0,16.466714285714286,0.2595416102753314,56289.0,480.0
m2_p1024_k100k_s32000_r50_c4_m55_0,4000,4.1905,1024,100000,32000,rocksdb,False,False,56240.00050010523,58511.183333333334,784.864703820153,215.30507029464547,1286.6121271047614,1316.443576313474,9676.0,113,1446.41592920354,2156.2,351.7176278495575,341,0.1378200779043124,83,1.040383762678378,False,7,1325.4285714285713,2.8866458528753878,11414.250592912946,4887.902136953661,95347.5,1.9684285714285712,0.04060272283464106,57723.0,480.0
m2_p1024_k100k_s32000_r50_c64_m55_0,64000,58.53,1024,100000,32000,rocksdb,False,False,56239.99883301484,85638.78125,30128.862953371372,15269.689466387637,35225.69876775307,35406.46159711764,108095.0,6,1800.8333333333333,2109.25,310.2416846666667,329,-2.226947121261908,6,1.522737962784719,False,6,1129.3333333333333,3.703164458626933,16595.828857421875,55338.91790417843,110451.5,46.2215,0.5231536568035551,68301.0,480.0
m2_p1024_k100k_s32000_r50_c8_m55_0,8000,8.01,1024,100000,32000,rocksdb,False,False,56240.00200032922,60190.11666666667,1118.194528302958,134.66754190245382,1777.376708613845,1811.8937681352447,13576.0,57,1413.3859649122808,2130.599999999998,335.4828293508772,323,0.026209191827810254,41,1.0702367447695738,False,7,1830.7142857142858,2.634073864551241,14002.292898995536,6677.426765073279,105014.5,3.9144285714285707,0.07041291689547946,56743.0,480.0
m2_p1024_k200k_s32000_r50_c128_m0_0,128000,128.8795,1024,200000,32000,rocksdb,False,False,54811.00098711416,54801.206666666665,1313.1409517624977,1313.1409517624977,2008.6417003469876,2039.415097915727,22022.0,3,2840.6666666666665,3571.2,555.6056436666667,300,0.604887775171415,3,0.9998213073968527,False,0,,,,,,,0.00027476529045111775,55034.5,300.0
m2_p1024_k200k_s32000_r50_c128_m150_0,128000,121.7525,1024,200000,32000,rocksdb,False,False,54811.000495572436,91359.71818181819,99789.79885102535,147.67402216016862,109337.89178832778,109655.848469339,235155.0,5,4507.8,5338.0,692.9902517999999,114,nan,1,1.6668135475687607,False,6,1345.3333333333333,139.16265722046768,407923.3065592448,219292.856892474,107751.5,81.16816666666668,0.6672101414963589,55263.0,660.0
m2_p1024_k200k_s32000_r50_c128_m55_0,128000,nan,1024,200000,32000,rocksdb,False,False,54811.00174845942,96960.35416666667,258102.66581536655,261000.19078824774,266040.37670377304,266275.59158085875,426112.0,1,2827.0,2827.0,472.854812,384,nan,1,1.7689943820337484,False,9,31960.75,334.0918610253834,2481.915093315972,263494.6428399964,nan,49.184,0.7695436778837581,106590.0,480.0
m2_p1024_k200k_s32000_r50_c16_m0_0,16000,15.8895,1024,200000,32000,rocksdb,False,False,54811.00106709351,54804.71666666667,406.32922932728115,406.32922932728115,742.6986247229937,774.5297512409973,9504.0,19,2712.7894736842104,5310.899999999991,357.2291032631579,292,0.21114380281276268,19,0.9998853441771818,False,0,,,,,,,0.00028545836052606965,54949.5,300.0
m2_p1024_k200k_s32000_r50_c16_m150_0,16000,16.0345,1024,200000,32000,rocksdb,False,False,54811.000151538115,58461.472727272725,1716.287208161853,329.60856661259606,2503.684880526859,2549.678281127493,20999.0,39,3999.5384615384614,5703.8,733.4750183333334,530,0.30299120295979753,32,1.0666010940439328,False,4,1909.75,4.158494479424766,23915.729248046875,13616.986994208704,104963.5,9.000250000000001,0.06676272475980571,55455.5,660.0
m2_p1024_k200k_s32000_r50_c16_m55_0,16000,16.514,1024,200000,32000,rocksdb,False,False,54810.99889777659,69837.53125,10844.321409825752,661.8963810746994,16128.504311718732,16387.682845228726,57349.0,26,5761.076923076923,8100.75,613.074907,84,0.15204054122993355,5,1.2741517697980316,False,9,1636.5555555555557,13.861867191188043,68454.8311360677,25490.263335792886,105460.0,8.655333333333331,0.2743137138324978,58001.5,480.0
m2_p1024_k200k_s32000_r50_c2_m0_0,2000,2.687,1024,200000,32000,rocksdb,False,False,54811.000046678186,54943.833333333336,825.9175882643791,825.9175882643791,1313.507489769856,1337.0236963201814,3274.0,104,2861.3173076923076,4009.35,630.1272009615384,300,-0.054277423037214695,104,1.0024234786181976,False,0,,,,,,,0.0026708040832048585,54651.5,300.0
m2_p1024_k200k_s32000_r50_c2_m150_0,2000,3.294,1024,200000,32000,rocksdb,False,False,54811.000901713254,57266.412121212124,2283.2475746267473,1034.6531455236661,3496.714424833934,3566.495486248325,15057.0,183,3313.245901639344,4405.900000000001,638.7316033551913,405,-0.0532647642361485,115,1.0447977810859885,False,8,2279.5,5.8450581303223235,23539.4306640625,7711.60388203163,73139.25,1.672875,0.045027370432522806,52532.0,660.0
m2_p1024_k200k_s32000_r50_c2_m55_0,2000,5.045,1024,200000,32000,rocksdb,False,False,54810.99830372139,59668.527083333334,8910.042735224772,6441.190375324798,13903.10252225725,14187.877248624894,37251.0,83,4980.77108433735,6723.9,590.1915026746989,287,-0.9479942772463923,51,1.0886232495291395,False,8,2018.0,12.93981455129019,14816.30810546875,14227.345077182243,58825.5,2.702,0.08890908816478271,65312.0,480.0
m2_p1024_k200k_s32000_r50_c32_m0_0,32000,32.067,1024,200000,32000,rocksdb,False,False,54810.99967993172,54792.72666666667,160.5131955470002,160.5131955470002,322.0634840950301,338.6881095167254,3550.0,10,3245.3,3799.0499999999997,667.1147897000001,300,0.27004613683676804,10,0.9996666177706709,False,0,,,,,,,-0.00012007451189166574,55118.0,300.0
m2_p1024_k200k_s32000_r50_c32_m150_0,32000,32.059,1024,200000,32000,rocksdb,False,False,54811.00043794448,56339.79393939394,719.3887613319441,148.5237902437122,1081.518643666041,1109.4872059589509,20054.0,20,2436.35,3620.9,470.653996,604,0.2580595355096182,18,1.0278920926316664,False,2,1719.0,4.817107751086854,18969.181884765625,11357.607751086853,104870.25,6.5405,0.028046299576602873,55048.5,660.0
m2_p1024_k200k_s32000_r50_c32_m55_0,32000,31.939,1024,200000,32000,rocksdb,False,False,54811.00035837216,65701.68125,6274.092826803931,1361.9449952975042,8172.28737474913,8250.71612103914,44062.0,14,3579.3571428571427,8025.449999999995,640.1251760714285,305,0.0975215067951071,10,1.1986951674010877,False,5,1382.2,4.482113748394848,26802.977197265624,20082.053013416044,106432.5,11.880399999999998,0.19882504011376678,55310.0,480.0
m2_p1024_k200k_s32000_r50_c4_m0_0,4000,4.119,1024,200000,32000,rocksdb,False,False,54811.00251102952,54780.70333333333,777.9740583226052,777.9740583226052,1279.9676846670643,1306.3335375820598,3503.0,74,3304.337837837838,4466.7,730.0813614864865,300,0.080627254919962,74,0.9994472062850869,False,0,,,,,,,-0.00014285228434973707,53053.5,300.0
m2_p1024_k200k_s32000_r50_c4_m150_0,4000,4.285500000000001,1024,200000,32000,rocksdb,False,False,54811.000234885854,56589.60151515152,1599.0099870848421,848.4187450159635,2522.058950947113,2570.7571128618047,14428.0,155,3411.2967741935486,4932.5,666.1525998129033,511,0.016666390374986323,123,1.0324497139742694,False,5,2563.0,5.941176688328471,21003.7794921875,7889.462112855717,81021.5,2.1602,0.03261399347323102,49602.0,660.0
m2_p1024_k200k_s32000_r50_c4_m55_0,4000,5.034,1024,200000,32000,rocksdb,False,False,54810.99878319137,57830.20208333333,7316.683689790553,2031.5716614168186,11622.89984969287,11832.859533857327,38838.0,84,5195.916666666667,6849.7,589.7980521190476,183,-0.49846762737771827,30,1.0550838949694135,False,4,2081.5,13.387266278609529,82791.12646484375,16479.075928985218,67358.0,3.1477500000000003,0.055207002453032894,53219.0,480.0
m2_p1024_k200k_s32000_r50_c64_m0_0,64000,63.752,1024,200000,32000,rocksdb,False,False,54811.002487379716,54820.19666666666,113.30817310092345,113.30817310092345,245.97527717734687,264.17024905480395,3378.0,4,3116.25,3783.0,655.1733955,300,0.21657168551043976,4,1.00016774331557,False,0,,,,,,,0.00045454028378477673,55268.5,300.0
m2_p1024_k200k_s32000_r50_c64_m150_0,64000,63.386,1024,200000,32000,rocksdb,False,False,54811.00103643273,85291.0,52701.872837590236,35514.29386445628,59934.74476132158,60193.67057386068,199588.0,8,3926.0,5385.299999999999,627.486499375,474,-0.7381364063969638,6,1.5560927256794177,False,8,1707.125,41.28528311778474,14258.955322265625,89558.35246628724,107089.0,41.066125,0.5561964721108918,105122.5,660.0
m2_p1024_k200k_s32000_r50_c64_m55_0,64000,67.662,1024,200000,32000,rocksdb,False,False,54811.00053758735,72457.69791666667,13169.88507576044,97.54030275389806,15935.817430198857,16051.094203298793,74364.0,7,2608.0,3262.7,681.9898711428572,250,0.15080005474243352,4,1.321955395924179,False,4,1662.25,6.964273123316081,49227.4169921875,40808.0831484898,107350.0,33.4405,0.32217024858957455,55068.0,480.0
m2_p1024_k200k_s32000_r50_c8_m0_0,8000,7.9975000000000005,1024,200000,32000,rocksdb,False,False,54811.00118005507,54728.443333333336,527.2846496090729,527.2846496090729,888.9061665253528,912.3242100253415,3678.0,37,3795.3783783783783,4980.8,829.4087664324325,299,0.2768879203709063,37,0.998493772327739,False,0,,,,,,,-0.0014596291216201207,56331.0,300.0
m2_p1024_k200k_s32000_r50_c8_m150_0,8000,8.1485,1024,200000,32000,rocksdb,False,False,54811.00022426553,55999.662121212124,1625.8027849572793,750.3270693297725,2414.4883543263804,2454.889533289121,23975.0,79,4302.873417721519,5902.2,800.562336835443,575,0.23572824718266694,69,1.0216865572984082,False,3,1815.3333333333333,6.432115291238565,19803.08740234375,11210.237941176894,104326.5,1.5296666666666667,0.021791832820577506,55364.0,660.0
m2_p1024_k200k_s32000_r50_c8_m55_0,8000,8.399,1024,200000,32000,rocksdb,False,False,54811.00020217895,60599.370833333334,4060.5196321138924,2100.0590809503615,6040.30718078825,6149.585666318455,18429.0,50,5154.32,6885.849999999999,631.9832979,275,0.10777948021735514,31,1.1056060026236172,False,8,2172.625,6.528823613169812,16377.64501953125,10331.177787098619,105652.75,3.8941250000000003,0.10612910951499188,61092.0,480.0
m2_p1024_k200k_s32000_r80_c128_m55_0,128000,127.986,1024,200000,32000,rocksdb,False,False,87697.99923319914,96019.875,92978.25905418019,78128.32365569958,103375.48552111824,103661.15874601917,244302.0,4,3045.75,3613.2,652.30103075,390,0.011214590219801108,4,1.0948924244516915,False,4,1892.75,49.784693420617835,13628.267740885416,131692.34358275437,107323.75,84.675,0.09508406416292003,106928.5,480.0
m2_p1024_k200k_s32000_r80_c16_m55_0,16000,15.836,1024,200000,32000,rocksdb,False,False,87697.99854955278,96499.51666666666,23804.57737758963,23089.045521113818,38029.55848479207,38439.65718528642,75561.0,28,2757.3571428571427,3734.6,548.2673051428571,381,-0.07570304809222737,21,1.1003616760095236,False,8,1147.75,19.723335722365178,3930.988037109375,25782.861247116445,108082.0,6.86825,0.100701058835998,107011.0,480.0
m2_p1024_k200k_s32000_r80_c2_m55_0,2000,2.5380000000000003,1024,200000,32000,rocksdb,False,False,87697.99965407081,82693.76458333334,27176.067809148346,27335.73749641766,37291.40019762171,37715.255378258444,74298.0,171,2628.9239766081873,3335.5,546.2705556374268,415,-0.03687656560633388,153,0.9429378652822535,True,6,2140.6666666666665,21.946002748272704,2659.7714029947915,26598.367529299383,nan,1.4728333333333337,-0.05680078993662485,88150.0,480.0
m2_p1024_k200k_s32000_r80_c32_m55_0,32000,39.915,1024,200000,32000,rocksdb,False,False,87698.0010793713,94061.43333333333,105758.91236097738,108512.93855368212,114455.80155805976,114848.80509050291,212006.0,12,3544.5,7184.9999999999945,586.5429979166666,393,0.07609642757180018,12,1.0725607445510963,False,8,1934.125,70.53881681668834,2553.7490234375,91062.80382284928,nan,20.87325,0.07276412274936761,107394.0,480.0
m2_p1024_k200k_s32000_r80_c4_m55_0,4000,3.985,1024,200000,32000,rocksdb,False,False,87697.999162411,84199.64583333333,22268.044171677288,21035.153570937637,35492.44535571829,36111.39541595459,80943.0,106,2637.3867924528304,3311.25,505.0022421320755,377,-0.21166962882681076,85,0.9601090861537337,True,8,1963.0,20.472068719946318,4609.252197265625,23494.581379672287,98975.0,2.8354999999999997,-0.0397888914159793,96478.0,480.0
m2_p1024_k200k_s32000_r80_c64_m55_0,64000,63.905,1024,200000,32000,rocksdb,False,False,87698.000520969,100089.25833333333,142958.71599499814,144273.62125117838,153637.23694175974,154007.37228507953,271020.0,7,2974.714285714286,3815.2999999999993,618.851619,404,-0.001995462214950061,6,1.1412946445614975,False,7,1564.4285714285713,28.528984256135487,2403.97314453125,141235.13249161158,nan,58.54185714285715,0.14159193412767657,107408.0,480.0
m2_p1024_k200k_s32000_r80_c8_m55_0,8000,7.979,1024,200000,32000,rocksdb,False,False,87697.99998749862,92457.75416666667,25202.073159448813,25422.38672580537,39708.374931122824,40581.81167705377,79881.0,53,2797.811320754717,3601.4,606.294957509434,391,-0.08989942823530819,43,1.0542743754686144,False,8,1947.625,20.289645755487676,2822.08935546875,24637.141383296876,nan,5.048125,0.05439079778586997,105878.0,480.0
m2_p1024_k400k_s32000_r50_c128_m55_0,128000,161.46550000000002,1024,400000,32000,rocksdb,False,False,52148.99933747515,89443.52708333333,119418.35855727216,117983.14091878216,130662.75814210797,130974.02221024332,229342.0,3,4162.666666666667,4382.1,892.4707853333334,392,-1.4245336297227782,3,1.715153276566473,False,8,1761.25,92.62426063474348,2571.6591796875,147266.67057399405,nan,73.971375,0.7152175972263688,103065.0,480.0
m2_p1024_k400k_s32000_r50_c16_m55_0,16000,16.1145,1024,400000,32000,rocksdb,False,False,52149.000812686245,57095.81875,2328.6426005800995,253.97539187639956,3311.6129848679448,3365.6390769347418,22859.0,29,3461.9310344827586,5425.599999999999,924.8803312068966,344,0.21090538082643162,22,1.0948593043054116,False,4,2007.0,5.8079823881048895,25669.671142578125,13877.932583192924,96988.75,7.64025,0.09511026707494952,52586.5,480.0
m2_p1024_k400k_s32000_r50_c2_m55_0,2000,3.215,1024,400000,32000,rocksdb,False,False,52148.99943324832,53547.35833333333,1590.5089918456918,840.1684199090578,2512.845454249766,2563.9087370945626,13145.0,140,3264.9214285714284,3939.699999999999,882.4406238500001,371,-0.12849724104409677,112,1.026814683220815,False,3,1705.0,5.225439887288665,28114.546061197918,7791.325108942988,67740.5,2.1990000000000003,0.026968728530094577,49988.0,480.0
m2_p1024_k400k_s32000_r50_c32_m55_0,32000,33.36,1024,400000,32000,rocksdb,False,False,52149.000329264076,77624.0625,18796.159522189613,479.11869129928505,24042.163741939985,24291.259676485624,76057.0,13,4360.461538461538,6225.4,975.6204892307693,145,0.08771503204009419,4,1.4885052831288939,False,8,1880.0,13.92069538287619,59469.686279296875,39926.703429547,101875.5,18.3295,0.48894576291709013,53139.0,480.0
m2_p1024_k400k_s32000_r50_c4_m55_0,4000,3.8685,1024,400000,32000,rocksdb,False,False,52148.998585331195,55963.03125,2746.479876614975,786.1459437156595,4236.049940260042,4325.4936498071365,16345.0,107,3605.9345794392525,4587.899999999999,927.9679592336448,221,0.06217269891294863,52,1.0731372177440361,False,7,1857.2857142857142,5.401697731792664,28905.69220842634,8349.664525634067,70222.0,2.5214285714285714,0.07320205703498206,49812.0,480.0
m2_p1024_k400k_s32000_r50_c64_m55_0,64000,53.414,1024,400000,32000,rocksdb,False,False,52149.00088962596,65585.48541666666,15536.78520206119,1537.6688790670999,19240.452266607645,19395.28196428624,72062.0,9,7454.222222222223,20013.399999999994,1006.0596147777778,252,0.1795145759816668,5,1.257655646279383,False,6,1472.3333333333333,7.361474346470133,29575.1669921875,29848.168520235562,101202.0,13.376666666666667,0.25771591183349196,52113.5,480.0
m2_p1024_k400k_s32000_r50_c8_m55_0,8000,7.9275,1024,400000,32000,rocksdb,False,False,52149.000860662316,56403.958333333336,2376.0404715981076,949.4730187447507,3724.9538556321772,3814.5991706772943,17237.0,55,3698.7636363636366,5199.999999999999,965.6319908181819,319,0.18755878887849206,37,1.0815923105418626,False,6,1817.3333333333333,4.945800120579053,17937.44248046875,9324.718208265695,94098.0,4.3516666666666675,0.08190110314838628,53231.0,480.0
m3_p1024_k100k_s32000_r50_c128_m0_0,128000,127.012,1024,100000,32000,rocksdb,False,False,56233.998706157756,56178.0,210.65771778988216,210.65771778988216,415.53456353020755,435.3850378558629,7537.0,3,3082.6666666666665,4375.4,414.7137636666667,300,0.37680039427015527,3,0.9990041841688981,False,0,,,,,,,-0.0006027195674650487,56300.5,300.0
m3_p1024_k100k_s32000_r50_c16_m0_0,16000,16.106,1024,100000,32000,rocksdb,False,False,56234.00133377793,56095.043333333335,235.7701057128458,235.7701057128458,450.1364980375866,469.3556411668696,3206.0,18,3340.9444444444443,4357.049999999999,419.9691648888889,299,0.2898069782598168,18,0.9975289327248863,False,0,,,,,,,-0.002138446757366075,56452.0,300.0
m3_p1024_k100k_s32000_r50_c2_m0_0,2000,2.404,1024,100000,32000,rocksdb,False,False,56233.99934643574,56174.583333333336,748.4200850621945,748.4200850621945,1230.5254440991255,1261.0169945185767,3321.0,117,2525.3333333333335,3866.3999999999996,360.33438666666666,300,0.002080556970284809,117,0.9989434147705489,False,0,,,,,,,-0.0007035004662825362,54290.0,300.0
m3_p1024_k100k_s32000_r50_c32_m0_0,32000,32.1405,1024,100000,32000,rocksdb,False,False,56234.002540787646,56246.47666666667,191.11945020793303,191.11945020793303,373.2043860762123,393.41677935026803,4574.0,9,3197.4444444444443,3892.6,400.9941793333333,299,0.29567540424469146,9,1.0002218253248107,False,0,,,,,,,0.0005319902417857403,56232.0,300.0
m3_p1024_k100k_s32000_r50_c4_m0_0,4000,4.332,1024,100000,32000,rocksdb,False,False,56234.00239434694,56258.55333333334,452.64668270294425,452.64668270294425,789.5025702165822,815.2535917797626,3241.0,75,2388.5066666666667,3770.6,366.7860620933333,297,0.10947121895262307,75,1.0004365853032162,False,0,,,,,,,0.0008602828229444803,57941.0,300.0
m3_p1024_k100k_s32000_r50_c64_m0_0,64000,63.9715,1024,100000,32000,rocksdb,False,False,56233.9976389139,56193.67333333333,129.15616858884826,129.15616858884826,265.1438869571438,285.5929730998187,3020.0,5,2938.8,3703.7999999999997,351.7944398,299,0.1582137726339588,5,0.9992829194566694,False,0,,,,,,,-0.00025719885480390836,56326.0,300.0
m3_p1024_k100k_s32000_r50_c8_m0_0,8000,7.868,1024,100000,32000,rocksdb,False,False,56234.00090046524,56197.30333333334,351.243058993756,351.243058993756,631.012406645135,653.965727418356,3651.0,37,3085.324324324324,4417.0,422.8056445405405,300,0.13564752693179308,37,0.9993474131922988,False,0,,,,,,,-0.0001359904027427028,56876.0,300.0
m3_p1024_k200k_s32000_r50_c128_m300_0,128000,127.214,1024,200000,32000,rocksdb,False,False,54461.99979331106,62712.24222222222,16401.6264925094,7596.026797330492,20273.50123555532,20413.84013158657,103702.0,8,7308.875,9064.949999999999,680.8470235,721,0.630173303895162,6,1.1514862190191637,False,3,2047.6666666666667,8.43858813619272,66355.72680664062,62243.652535248664,90615.5,42.74366666666666,0.15161033702215376,55409.0,900.0
m3_p1024_k200k_s32000_r50_c128_m55_inc_0,128000,nan,1024,200000,32000,rocksdb,True,False,54461.999345624754,91470.32291666667,239741.3300417451,193623.37886077957,245026.6124825094,245186.10663454028,393650.0,1,5962.0,5962.0,618.2817,271,nan,0,1.679525614478107,False,7,nan,nan,37440.858677455355,252203.13366030875,107513.75,nan,0.6800611339645581,107192.0,480.0
m3_p1024_k200k_s32000_r50_c16_m300_0,16000,16.2575,1024,200000,32000,rocksdb,False,False,54461.999928886675,55995.99,2823.5887531906797,1832.8868463743115,4191.842723559312,4258.416357691169,29016.0,55,7102.854545454546,9655.099999999993,673.3696633999999,808,0.5572692802658004,51,1.0281662456963814,False,2,1644.5,7.194802865403764,30415.631103515625,17943.302865403763,105407.0,10.7485,0.028198234085886176,55521.5,900.0
m3_p1024_k200k_s32000_r50_c16_m55_inc_0,16000,17.1955,1024,200000,32000,rocksdb,True,False,54461.99912483591,69620.15208333333,7918.305991802601,481.8926268353851,12941.405488766379,13152.029580934615,48632.0,23,6180.695652173913,7621.5,639.0817045217391,159,0.33291090937556467,8,1.278325313100469,False,9,1543.5555555555557,11.36394942638355,74257.10983615452,19485.641250987006,105524.0,8.078333333333333,0.2785650440462277,55702.0,480.0
m3_p1024_k200k_s32000_r50_c2_m300_0,2000,6.1065000000000005,1024,200000,32000,rocksdb,False,False,54462.00073563811,57507.07666666667,21658.872316873698,18948.55418094155,38937.87074744366,39689.28372332302,87450.0,137,6211.160583941606,7836.599999999996,556.9624962919709,684,-1.225441501459897,107,1.0559119365777534,False,6,2672.8333333333335,17.587943731955086,21182.593587239582,27315.06611855762,74548.0,2.8676666666666666,0.05603044666121204,59126.0,900.0
m3_p1024_k200k_s32000_r50_c2_m55_inc_0,2000,2.766,1024,200000,32000,rocksdb,True,False,54461.99980827981,57923.56041666667,2822.5384454778386,911.9889654468263,4327.185751703151,4417.258744417796,14521.0,148,2788.2635135135133,4100.5,571.98559025,155,-0.08284676814850811,55,1.0635591902716102,False,10,2058.8,5.125320736954531,25124.88388671875,7036.240274180149,71909.75,1.6866999999999996,0.0638561834561584,54100.0,480.0
m3_p1024_k200k_s32000_r50_c32_m300_0,32000,32.196,1024,200000,32000,rocksdb,False,False,54462.00065786257,57360.88444444445,6375.782106528808,962.6857522794038,8632.38623825264,8708.666476086413,47586.0,27,7146.481481481482,9579.1,680.9590154074074,651,0.6281077302529392,21,1.0532276404018472,False,2,1672.0,11.544647731250894,110336.66186523438,34686.147731250894,85254.0,23.1415,0.05336340724100275,54959.0,900.0
m3_p1024_k200k_s32000_r50_c32_m55_inc_0,32000,33.253,1024,200000,32000,rocksdb,True,False,54461.999295685135,87821.44166666667,38242.48249848438,19441.34635790131,49272.26031479784,49691.96111862109,101762.0,14,6275.071428571428,8798.949999999999,527.9088475714286,142,-0.33456364374870956,3,1.6125269509454916,False,9,1642.6666666666667,51.49574372746737,33548.47452799479,58823.63736587266,107447.0,16.097555555555555,0.6128663249013564,108670.0,480.0
m3_p1024_k200k_s32000_r50_c4_m300_0,4000,6.648,1024,200000,32000,rocksdb,False,False,54461.99974666497,54535.07777777778,33627.44837956488,31354.509139734702,44373.59121480833,44808.646659204256,103772.0,122,6689.122950819672,8405.55,559.0679394016394,712,-1.2749440349785062,106,1.0013418168898083,False,7,2571.714285714286,12.088403892046438,11235.524937220982,35387.01187369066,52145.0,4.9915714285714285,0.0013484925464251063,55178.5,900.0
m3_p1024_k200k_s32000_r50_c4_m55_inc_0,4000,4.062,1024,200000,32000,rocksdb,True,False,54461.999820778445,57260.191666666666,2961.1816710431317,1134.804552637803,4472.838722779045,4563.832219897389,16901.0,108,3657.953703703704,4628.75,649.1040623518518,251,-0.10825898801220868,59,1.0513787935642542,False,6,2383.8333333333335,6.154755420476569,30595.313557942707,8274.811496823479,71168.5,2.0576666666666665,0.05170087695782244,52933.0,480.0
m3_p1024_k200k_s32000_r50_c64_m300_0,64000,63.2695,1024,200000,32000,rocksdb,False,False,54461.99974217524,56240.85333333333,2019.0284091825065,733.5423814692514,2780.4521174485103,2824.0531292515557,34578.0,15,7526.666666666667,9736.599999999999,688.3988683333333,834,0.8859112439097313,14,1.0326622892949073,False,1,2209.0,9.437111720203898,43835.027587890625,30786.1117202039,105532.0,21.349,0.032850497607804785,55296.5,900.0
m3_p1024_k200k_s32000_r50_c64_m55_inc_0,64000,47.864,1024,200000,32000,rocksdb,True,False,54462.001087796874,62212.84583333333,5116.653653355219,2658.2778485949066,7144.033591736112,7222.044786302507,31296.0,10,8795.3,17914.949999999986,648.5943302999999,350,0.49599736393778837,8,1.1423165618362334,False,5,1472.8,8.51721984490593,17083.399853515624,16920.252813287778,108063.0,8.1398,0.14262840417153866,54854.5,480.0
m3_p1024_k200k_s32000_r50_c8_m300_0,8000,7.877,1024,200000,32000,rocksdb,False,False,54462.00054670676,57024.625555555554,6749.793941401106,4080.9117250307636,10209.288915453544,10362.83934952235,36644.0,104,6566.865384615385,8290.9,599.0218521826923,648,-0.1071021434130105,77,1.0470534498021438,False,6,1901.1666666666667,8.295794799925375,30379.908610026043,15036.746204364472,85110.0,5.7145,0.047130239353029735,54095.0,900.0
m3_p1024_k200k_s32000_r50_c8_m55_inc_0,8000,7.987,1024,200000,32000,rocksdb,True,False,54622.66680287624,59478.21041666667,3214.4347852737806,847.7320401930378,4963.2028267985115,5064.902731115712,19540.0,55,5030.345454545454,6203.799999999999,667.0906511636364,258,0.3462115990327601,31,1.0888924671384728,False,5,2485.4,5.660455363249487,35587.529541015625,11626.401397772726,86431.0,4.9778,0.08968021512732527,58166.0,480.0
m3_p1024_k200k_s32000_r80_c128_m0_0,128000,nan,1024,200000,32000,rocksdb,False,False,87139.99766631662,83774.86,6753.117120657279,6753.117120657279,9215.423367065809,9319.979294663499,33830.0,2,6456.0,9936.3,487.6423095,300,nan,2,0.9613823989392027,True,0,,,,,,,-0.03847337206660717,90721.5,300.0
m3_p1024_k200k_s32000_r80_c16_m0_0,16000,15.658,1024,200000,32000,rocksdb,False,False,87140.00066695568,90386.33333333333,2540.0038334335204,2540.0038334335204,3948.0044171500854,4017.514117178482,18041.0,20,4227.2,5920.5000000000055,649.5620786000001,300,0.9251205192885967,20,1.0372542189755651,False,0,,,,,,,0.03770389066151836,99167.0,300.0
m3_p1024_k200k_s32000_r80_c2_m0_0,2000,3.6215,1024,200000,32000,rocksdb,False,False,87140.00140048083,76579.01666666666,26418.52113714353,26418.52113714353,42113.09417688614,42793.854958571115,77368.0,79,3729.3417721518986,4705.2,545.9790143417722,299,0.24645405849495075,79,0.8788044002285741,True,0,,,,,,,-0.12089377330025897,81217.0,300.0
m3_p1024_k200k_s32000_r80_c32_m0_0,32000,31.84,1024,200000,32000,rocksdb,False,False,87139.99966646098,87056.03333333334,4625.075804702029,4625.075804702029,6634.73354820133,6715.012366517963,24891.0,10,4980.7,9903.699999999999,583.3215332000001,297,0.9819198836333889,10,0.9990364203184642,False,0,,,,,,,-0.000347127076566478,100754.0,300.0
m3_p1024_k200k_s32000_r80_c4_m0_0,4000,4.0275,1024,200000,32000,rocksdb,False,False,87140.00166708343,81766.32333333333,19433.24136130698,19433.24136130698,33506.976753795585,34141.34022845673,58861.0,75,3626.1866666666665,4715.2,555.6881015333333,298,0.10830859141017775,75,0.9383328180979371,True,0,,,,,,,-0.061432540037072214,86223.0,300.0
m3_p1024_k200k_s32000_r80_c64_m0_0,64000,64.636,1024,200000,32000,rocksdb,False,False,87139.99853282471,84691.32333333333,2407.156020587233,2407.156020587233,3121.4602837118655,3152.9578222830146,22177.0,4,8058.75,15820.499999999996,737.31013825,300,1.8492999071631329,4,0.9718995267303224,True,0,,,,,,,-0.027763431259180682,90576.0,300.0
m3_p1024_k200k_s32000_r80_c8_m0_0,8000,7.8165,1024,200000,32000,rocksdb,False,False,87140.00006669846,81307.97666666667,12007.23549952643,12007.23549952643,16541.337140230564,16759.962726986236,35733.0,37,4390.027027027027,7403.9999999999645,570.5595794324324,300,0.25464769661646114,37,0.9330729470327306,True,0,,,,,,,-0.06648207609020584,100605.5,300.0
m3_p1024_k400k_s32000_r50_c128_m0_0,128000,nan,1024,400000,32000,rocksdb,False,False,46691.99863965538,46674.81,140.41123716768567,140.41123716768567,314.78843156154966,341.67143562019857,3936.0,2,6287.0,7559.599999999999,917.775814,299,nan,2,0.9996318718376561,False,0,,,,,,,-0.00011482391773642853,46926.0,300.0
m3_p1024_k400k_s32000_r50_c16_m0_0,16000,16.113999999999997,1024,400000,32000,rocksdb,False,False,46692.00065357952,46601.59,713.2049464406687,713.2049464406687,1200.5954876217743,1235.9559711017014,5683.0,19,7098.578947368421,7938.499999999997,919.862029,273,0.16694520359620324,19,0.9980636800241158,False,0,,,,,,,-0.001560240999993967,48610.0,300.0
m3_p1024_k400k_s32000_r50_c2_m0_0,2000,8.119,1024,400000,32000,rocksdb,False,False,46692.0002133632,41898.136666666665,15646.17193302391,15646.17193302391,21189.98647449795,21508.7425977814,61447.0,34,8900.264705882353,16103.04999999999,963.7812329705882,279,-0.022552001947216224,34,0.8973300881352148,True,0,,,,,,,-0.10254426806231409,36373.0,300.0
m3_p1024_k400k_s32000_r50_c32_m0_0,32000,31.714000000000002,1024,400000,32000,rocksdb,False,False,46692.00172041863,39185.9,13380.590246746917,13380.590246746917,16015.956673276187,16118.328458620745,68962.0,9,10930.222222222223,20947.399999999998,1043.2415796666667,293,1.5303267431637602,9,0.8392422375600107,True,0,,,,,,,-0.16055349712428968,44331.0,300.0
m3_p1024_k400k_s32000_r50_c4_m0_0,4000,7.868,1024,400000,32000,rocksdb,False,False,46663.9674763126,46791.64,1876.3226933272695,1876.3226933272695,2906.5575354201446,2965.039533842655,7020.0,38,7833.526315789473,9421.6,997.949582,286,-0.12454544473130963,38,1.0027359980428627,False,0,,,,,,,0.0032610379860753547,40306.0,300.0
m3_p1024_k400k_s32000_r50_c64_m0_0,64000,64.093,1024,400000,32000,rocksdb,False,False,46691.99983991676,46734.07,646.4689614379117,646.4689614379117,1121.8277389493362,1160.0543413687988,10385.0,5,7042.6,9212.8,1022.738241,297,0.46020729360680174,5,1.0009010143113912,False,0,,,,,,,0.0014217536232754568,46790.0,300.0
m3_p1024_k400k_s32000_r50_c8_m0_0,8000,7.772,1024,400000,32000,rocksdb,False,False,46692.002628322516,45112.99,15970.823001165149,15970.823001165149,23032.99980508201,23392.49491709594,49779.0,34,8448.20588235294,11288.54999999999,993.5621120588236,278,-0.9213457106892761,34,0.9661823751512273,True,0,,,,,,,-0.03320854623289926,42772.5,300.0
m3_p1024_k800k_s32000_r50_c128_m0_0,128000,91.0685,1024,800000,32000,rocksdb,False,False,48868.00045577458,29493.68888888889,207182.7029918265,207182.7029918265,214564.32068894588,214817.04470400824,253287.0,3,42198.666666666664,80847.2,1570.8814676666668,349,21.847016505207623,3,0.6035378696449961,True,0,,,,,,,-0.3961719574345488,12875.0,360.0
m3_p1024_k800k_s32000_r50_c16_m0_0,16000,15.22,1024,800000,32000,rocksdb,False,False,48868.00054459118,44346.90833333333,34437.96566709179,34437.96566709179,44842.32637788166,45326.45962561464,71571.0,22,11151.318181818182,15544.549999999997,1485.094085409091,339,1.2213719650733976,22,0.9074835851503187,True,0,,,,,,,-0.09227183253789284,40736.0,360.0
m3_p1024_k800k_s32000_r50_c16_m55_0,16000,16.468,1024,800000,32000,rocksdb,False,False,48868.00056678947,41192.495833333334,121620.07589261555,121225.39061239727,137978.99242585548,138626.83426623317,193844.0,27,12320.444444444445,14194.3,1523.585482925926,376,2.6515103107435327,23,0.8429339313163472,True,4,2223.25,122.55486526645068,2484.60791015625,123431.98571083092,nan,6.30275,-0.15688339341889357,43091.0,480.0
m3_p1024_k800k_s32000_r50_c256_m0_0,256000,nan,1024,800000,32000,rocksdb,False,False,48867.99904393454,45421.552777777775,13763.28584551668,13763.28584551668,18431.060077145215,18648.112143348004,53216.0,1,10771.0,10771.0,1625.881648,359,nan,1,0.9294743731361242,True,0,,,,,,,-0.07002964267330147,45442.0,360.0
m3_p1024_k800k_s32000_r50_c32_m0_0,32000,31.211,1024,800000,32000,rocksdb,False,False,48867.99986662443,48723.875,10182.537536896554,10182.537536896554,13218.428409412565,13321.174788711558,43503.0,11,11589.0,20857.0,1524.462863,355,0.9681590910602873,11,0.9970507312143368,False,0,,,,,,,-0.0026334360404093315,46815.0,360.0
m3_p1024_k800k_s32000_r50_c32_m55_0,32000,34.5225,1024,800000,32000,rocksdb,False,False,48884.294558556,49437.53333333333,130517.66840785106,133207.5702267279,148160.94220956278,148747.18222575155,302217.0,11,13421.90909090909,15964.5,1482.2492967272728,368,4.95598227707307,10,1.0113173112095264,False,8,2332.0,88.31381852017472,3055.4453125,117720.27665077908,nan,20.892125,0.011547016677896815,48766.0,480.0
m3_p1024_k800k_s32000_r50_c64_m0_0,64000,65.783,1024,800000,32000,rocksdb,False,False,48867.99823297502,46124.2,47876.95221898459,47876.95221898459,58660.632678483074,59100.45375746355,107076.0,6,12513.0,16394.75,1438.5708975,358,6.531953182635741,6,0.9438528621554306,True,0,,,,,,,-0.05595570664063809,27596.0,360.0
m3_p1024_k800k_s32000_r50_c64_m55_0,64000,95.2995,1024,800000,32000,rocksdb,False,False,48868.000533491155,49827.22083333333,187675.65552986306,189756.665149116,194113.98468850652,194340.6160379789,334620.0,5,12739.6,14968.4,1609.9753048,384,3.1528097252498015,4,1.0196288018615534,False,7,2193.285714285714,88.43148659706733,2847.4501604352677,175603.13492178702,nan,86.3847142857143,0.019930531310399235,52130.0,480.0
m3_p1024_k800k_s32000_r50_c8_m0_0,8000,10.0785,1024,800000,32000,rocksdb,False,False,48868.00028899164,34577.96111111111,106052.9569469667,106052.9569469667,118862.2672653728,119414.76640756885,185126.0,33,11168.848484848484,17485.6,1424.117492909091,347,1.7611934647714336,33,0.7075788022146752,True,0,,,,,,,-0.29216952472745006,25648.0,360.0
m4_p1024_k200k_s32000_r30_c128_m55_0,128000,nan,1024,200000,32000,rocksdb,False,False,32676.99951441034,65225.53958333333,64914.85377551655,964.5696573353655,75979.40979720399,76229.48167769406,203835.0,2,6779.0,7782.5,600.306237,206,nan,1,1.996068811476075,False,4,2703.25,24.125873240407145,124195.04516601562,176302.9474778995,106542.5,138.45625,0.9967801644096459,33293.0,480.0
m4_p1024_k200k_s32000_r30_c16_m55_0,16000,23.346,1024,200000,32000,rocksdb,False,False,32676.998637221768,44169.520833333336,8701.819170317767,699.2412660615154,12713.63979648485,12884.68143638831,44679.0,19,7912.894736842105,10706.8,592.0312000526316,171,0.2325638440896645,5,1.3517006663831312,False,10,3335.0,10.00290939675995,33682.10166015625,23568.395650057715,98682.0,10.9558,0.3519766949583518,32741.0,480.0
m4_p1024_k200k_s32000_r30_c2_m55_0,2000,7.298,1024,200000,32000,rocksdb,False,False,32699.620945176746,36933.222916666666,4049.6595093047154,1386.9665427686846,6345.913198747718,6464.736459726555,24300.0,58,7205.224137931034,9640.6,565.8948851896552,199,0.2520028899721717,25,1.129469450994183,False,8,2443.125,7.354698454486657,24154.67041015625,10827.824332116772,50829.25,2.778625,0.13037846367538863,30466.0,480.0
m4_p1024_k200k_s32000_r30_c32_m55_0,32000,34.884,1024,200000,32000,rocksdb,False,False,32677.00046258288,45156.816666666666,8688.247546051556,1375.5320883115387,11830.336023603302,12010.069946850033,54603.0,14,9160.57142857143,13579.749999999998,618.9990829285715,262,0.04532253893758225,8,1.3819143748635656,False,8,1553.375,10.172241331859656,18826.147705078125,23957.99012310323,102732.5,11.349125,0.3821620122240892,32835.0,480.0
m4_p1024_k200k_s32000_r30_c4_m55_0,4000,8.37,1024,200000,32000,rocksdb,False,False,32677.001081581235,39360.76875,10497.269728016512,5842.204404123865,15202.122268000672,15452.401795696635,47862.0,46,8254.521739130434,10220.5,561.0558516304347,265,-1.5749529727923006,28,1.2045404243716278,False,9,2655.6666666666665,9.254299037713842,17759.393012152777,21809.921850547446,46030.75,5.318888888888889,0.2049094278839172,33922.0,480.0
m4_p1024_k200k_s32000_r30_c64_m55_0,64000,62.677,1024,200000,32000,rocksdb,False,False,32676.99978954519,52319.55625,26189.379917372356,294.80120037135,33208.37222928154,33466.97062980792,122072.0,7,8341.142857142857,10353.0,696.7118982857143,218,0.17918562021951495,4,1.6011126047973148,False,7,1443.5714285714287,8.144140484448192,38860.87984793527,52379.796765121435,102989.5,25.958428571428566,0.6014028590655203,32965.5,480.0
m4_p1024_k200k_s32000_r30_c8_m55_0,8000,8.800999999999998,1024,200000,32000,rocksdb,False,False,32688.776711327042,38565.229166666664,4414.289219833712,2233.4753421209634,6897.938799793207,7077.610344378653,32424.0,47,7466.744680851064,10230.599999999999,595.6361791276596,217,0.0732698585643294,24,1.179769726693485,False,9,3100.4444444444443,8.787309850351141,17992.117431640625,10504.206538485705,79232.0,2.7282222222222225,0.17978693191957573,35370.0,480.0
m4_p1024_k200k_s32000_r50_c10_m55_0,10000,10.405,1024,200000,32000,rocksdb,False,False,54461.998345443826,59421.239583333336,39045.2410191081,39382.580948206916,51366.154269823906,51881.54337343251,91623.0,36,7918.083333333333,9955.0,548.58664325,358,-0.3184792301345226,32,1.09105874533714,False,8,2412.5,29.778761045543988,2798.799072265625,33066.553878179315,nan,5.5356250000000005,0.09131565923191753,65047.0,480.0
m4_p1024_k200k_s32000_r50_c128_m30_0,128000,nan,1024,200000,32000,rocksdb,False,False,54461.99943312953,84699.05238095239,248948.93599720378,250319.9319545948,254915.85037756368,255155.28760826637,429210.0,1,9236.0,9236.0,627.000292,331,nan,1,1.5551954254810096,False,8,nan,nan,2811.159423828125,258132.52954749268,nan,nan,0.5557547563577001,104954.0,420.0
m4_p1024_k200k_s32000_r50_c128_m55_par6_0,128000,143.963,1024,200000,32000,rocksdb,False,False,54600.90950678997,89821.20625,57802.15071807351,18130.98812717955,76763.38146181562,77445.758767945,157131.0,3,8890.0,11355.1,627.3792886666666,279,nan,2,1.6450496349118537,False,4,2784.5,7.941465158950152,41487.857421875,121435.03039299406,138137.25,113.73124999999999,0.6494447178162015,56472.0,480.0
m4_p1024_k200k_s32000_r50_c12_m55_0,12000,12.109,1024,200000,32000,rocksdb,False,False,54462.00053756608,62971.90833333333,16954.302570597287,13918.398202250719,23706.539783513257,23971.449097276047,48304.0,32,8214.34375,9754.3,568.98584846875,308,0.19277669688372523,22,1.1562540434021957,False,7,1865.4285714285713,22.11345121495327,12606.407645089286,27234.02291893141,107053.0,6.122571428571429,0.15639618376645026,70146.0,480.0
m4_p1024_k200k_s32000_r50_c16_m30_0,16000,18.1205,1024,200000,32000,rocksdb,False,False,54462.001843634105,66270.34523809524,70996.01411659924,70013.76968396653,86399.46298389228,86982.36878992597,135618.0,19,9320.421052631578,12419.299999999987,613.8140673157894,301,-0.2789739996906105,16,1.2168180198069853,False,8,2117.125,60.44027406219793,3243.359619140625,66107.62891839864,nan,9.88325,0.21733103788723795,85501.0,420.0
m4_p1024_k200k_s32000_r50_c16_m55_par6_0,16000,15.849,1024,200000,32000,rocksdb,False,False,54462.00012503386,61102.50208333333,3481.6778730521846,781.8380788990411,5791.906410952007,5924.526871938993,34123.0,26,8214.384615384615,10596.5,650.4323466923078,340,0.058352632211299285,20,1.1219290871259633,False,4,2558.75,10.714539431348781,24675.440185546875,17632.81066891637,111043.75,6.94925,0.12223302523696478,55468.5,480.0
m4_p1024_k200k_s32000_r50_c24_m55_0,24000,38.192,1024,200000,32000,rocksdb,False,False,54461.998833041594,78220.94375,41315.715877005765,36091.49762316697,54766.21331999931,55214.63994111445,109939.0,14,8219.785714285714,10985.45,538.2575479285715,296,-0.7191254591887174,11,1.4362481257765383,False,10,1952.5,44.79001353472595,9063.17275390625,50519.78009043397,106300.5,11.2325,0.4366072775959371,97605.5,480.0
m4_p1024_k200k_s32000_r50_c2_m30_0,2000,9.259,1024,200000,32000,rocksdb,False,False,54466.92768243716,45008.12142857143,74987.3429666212,72029.64332404932,88003.15101158198,88450.99227663198,176950.0,40,8421.725,10272.8,518.823954675,271,-0.20802183899874088,26,0.8263385386997747,True,9,1295.888888888889,66.08316005911641,2653.18408203125,74741.27577410835,60254.0,4.119888888888889,-0.1734607303347352,46402.0,420.0
m4_p1024_k200k_s32000_r50_c2_m55_par6_0,2000,9.2635,1024,200000,32000,rocksdb,False,False,54461.9987956301,62646.222916666666,33508.12667683111,34390.37088052636,65747.21466946647,66671.40433090755,149527.0,43,8697.232558139534,10554.9,597.1448558372093,343,-2.9215602614695255,30,1.1502740314718902,False,10,3079.5,30.596710489872137,3709.555078125,32015.055770784627,nan,5.3858,0.15046817297607995,62199.0,480.0
m4_p1024_k200k_s32000_r50_c32_m30_0,32000,36.234,1024,200000,32000,rocksdb,False,False,54461.99909521655,75384.83571428571,40422.64906997368,32301.585876269077,49950.35065211896,50250.70244704071,107447.0,10,9337.5,10906.1,626.1613917999999,281,1.2834268401046718,8,1.3841731292766084,False,6,2401.1666666666665,36.785287512818556,11323.077392578125,58181.90589007136,105693.0,19.673166666666667,0.3842060865643837,93843.0,420.0
m4_p1024_k200k_s32000_r50_c32_m55_par6_0,32000,31.285,1024,200000,32000,rocksdb,False,False,54494.00218784185,73625.93958333334,8268.300709405208,816.7455799636455,13013.473253666174,13240.61764412684,55471.0,14,9285.142857142857,11126.3,636.3327907142857,191,0.3292660356347177,6,1.3510833601383019,False,9,2138.6666666666665,12.159854467012918,23441.927761501734,21589.40732094388,132173.0,9.29388888888889,0.3512944999039118,56086.0,480.0
m4_p1024_k200k_s32000_r50_c3_m55_0,3000,7.626,1024,200000,32000,rocksdb,False,False,54462.0009920759,53407.572916666664,46542.29629065166,46507.60187214125,60464.7883330372,61237.07146048849,113547.0,58,6906.8448275862065,8982.4,537.7561302068965,358,-0.9978148354728568,47,0.9806391969409525,True,8,2024.125,42.05816151697695,2738.300048828125,43581.92467897769,nan,4.08625,-0.01895612245956202,58314.0,480.0
m4_p1024_k200k_s32000_r50_c48_m55_0,48000,47.549,1024,200000,32000,rocksdb,False,False,54461.999770787974,71039.25,19600.232768182144,6087.45941623315,24888.14611356281,25089.806188538965,64466.0,10,8631.5,10835.249999999998,647.2194582000001,214,3.0229150264690285,3,1.304381959879917,False,5,1553.4,14.351000000000003,73162.7578125,44488.79919024087,100763.0,20.6234,0.3046401699135457,57655.5,480.0
m4_p1024_k200k_s32000_r50_c4_m30_0,4000,8.651,1024,200000,32000,rocksdb,False,False,54462.00101927574,47664.4119047619,73709.59023596172,76096.18937700341,87898.3299237981,88507.90506528955,167062.0,40,8111.475,9840.55,526.023474075,298,-0.17432320973954213,30,0.8751865706860832,True,8,2497.25,72.86560984562469,3498.59326171875,70937.18436407916,nan,5.510625,-0.12461751037576285,47430.5,420.0
m4_p1024_k200k_s32000_r50_c4_m55_par6_0,4000,8.6845,1024,200000,32000,rocksdb,False,False,54461.99937059861,63209.3375,8895.336557145005,7037.173077618523,16712.709975339218,17130.557902145392,53848.0,47,8503.36170212766,10815.8,597.441431468085,314,-1.0825806227082957,34,1.1606136063767731,False,7,2716.1428571428573,10.968446319955053,11596.971644810268,16663.420283999236,122159.5,4.385571428571429,0.16104657999723027,56823.0,480.0
m4_p1024_k200k_s32000_r50_c5_m55_0,5000,7.817,1024,200000,32000,rocksdb,False,False,54478.23051707861,50205.67083333333,75171.05700837579,75904.26064726243,92146.95275645738,92747.44829036992,154709.0,50,7478.2,9790.699999999999,566.12131868,338,-0.5064909761967665,39,0.9215730826204815,True,9,3209.1111111111113,59.555,3543.6346571180557,68662.09180581203,nan,4.130444444444445,-0.07817533606498617,53300.5,480.0
m4_p1024_k200k_s32000_r50_c64_m30_0,64000,59.418,1024,200000,32000,rocksdb,False,False,54461.99976659942,83439.35238095238,167308.8225415677,168065.48302331072,175425.22741838612,175696.20556981108,294666.0,4,7604.0,8206.9,512.264216,327,-0.09483680161102379,3,1.5320655271296932,False,8,1531.625,96.2075346983609,2579.0791015625,179837.58742641544,nan,71.940125,0.5325070351088557,102371.0,420.0
m4_p1024_k200k_s32000_r50_c64_m55_par6_0,64000,158.639,1024,200000,32000,rocksdb,False,False,54461.999212202936,117523.28541666667,148873.36670936682,133726.16022353774,190393.22423088248,191873.90737168983,336404.0,4,8045.25,10681.999999999998,580.549932,329,-4.9074402438827445,3,2.1578951767590273,False,9,2150.222222222222,131.76667337360215,8433.680691189236,170860.50107444817,141879.5,90.599,1.1587091900160962,143031.0,480.0
m4_p1024_k200k_s32000_r50_c6_m55_0,6000,7.662,1024,200000,32000,rocksdb,False,False,54495.610057149526,52800.62291666667,50086.92210772924,51197.2185827252,64226.92971894784,64732.6773989685,115418.0,52,7267.7692307692305,8816.75,555.1153759807693,351,-1.022557585281935,45,0.9688968131798997,True,8,2483.0,42.49632209073404,2684.648681640625,42894.273779009694,nan,5.351,-0.03033351404687512,54217.0,480.0
m4_p1024_k200k_s32000_r50_c8_m30_0,8000,9.143,1024,200000,32000,rocksdb,False,False,54462.00172887192,50473.08095238095,107853.84146193157,109025.91038615354,122456.37305779308,122992.47877062616,194582.0,35,8443.628571428571,10452.499999999998,531.7841111714285,278,-0.06421879286307353,28,0.9267577274087536,True,9,2807.4444444444443,89.27870295478002,3491.5716145833335,101339.76930946953,nan,4.4383333333333335,-0.07308116526997188,54748.5,420.0
m4_p1024_k200k_s32000_r50_c8_m55_par6_0,8000,8.333,1024,200000,32000,rocksdb,False,False,54429.08704440786,58859.175,5576.6234321157235,2664.901331678133,9954.639768566243,10275.064982894906,42897.0,54,7642.407407407408,10472.849999999999,579.1849804074074,309,0.027419419419342197,39,1.0813919210509209,False,4,2296.75,8.062515825882205,25978.966552734375,14708.637036159846,66617.0,4.31075,0.08168487737187569,54520.0,480.0
m4_p1024_k200k_s32000_r65_c128_m0_0,128000,123.97650000000002,1024,200000,32000,rocksdb,False,False,70801.00124739014,70722.94,3544.9189682536767,3544.9189682536767,5292.627156431374,5384.597075762593,24428.0,3,8969.666666666666,13607.4,607.675456,298,2.631834381894349,3,0.9988974556007,False,0,,,,,,,-0.0005228476509376856,71831.5,300.0
m4_p1024_k200k_s32000_r65_c128_m55_0,128000,nan,1024,200000,32000,rocksdb,False,False,70801.00068560093,85482.76666666666,240963.24047997687,246069.19037379528,246412.42810977885,246562.40438915952,366923.0,2,8658.5,11087.15,495.0467755,389,nan,2,1.2073666450882752,False,8,6851.875,111.3936530511551,2831.0380859375,221150.02868988994,nan,125.50742857142856,0.20769121210152752,104651.0,480.0
m4_p1024_k200k_s32000_r65_c16_m0_0,16000,16.021,1024,200000,32000,rocksdb,False,False,70746.23576324985,68675.84666666666,2380.2196604881074,2380.2196604881074,3736.7654969330797,3800.8806109610396,17634.0,18,7525.5,9926.9,662.9888100555556,286,2.2915769764675873,18,0.9707349928339414,True,0,,,,,,,-0.02903197484002018,81001.5,300.0
m4_p1024_k200k_s32000_r65_c16_m55_0,16000,16.802,1024,200000,32000,rocksdb,False,False,70800.9993373868,75937.10625,41069.895815564036,42153.821930392434,57616.54326973054,58175.405510360535,103912.0,27,7715.518518518518,8855.4,555.5367898888888,394,1.3801428692008408,24,1.0725428590087858,False,6,2563.0,18.099308797553796,2827.9749348958335,28851.65758428314,nan,7.296833333333333,0.0727261163870021,95840.5,480.0
m4_p1024_k200k_s32000_r65_c2_m0_0,2000,6.444,1024,200000,32000,rocksdb,False,False,70864.08032648485,57207.613333333335,37314.115511315395,37314.115511315395,47639.70781313256,48034.16656856395,95680.0,44,6726.0,9156.650000000001,543.9901916363636,280,0.6223122090040494,44,0.8072864710833264,True,0,,,,,,,-0.1918434136587127,56907.5,300.0
m4_p1024_k200k_s32000_r65_c2_m55_0,2000,6.8785,1024,200000,32000,rocksdb,False,False,70801.00025006251,55180.99375,110186.70425690428,113558.64546215223,123364.05131001287,123929.3958846866,213656.0,61,6664.770491803279,8773.0,528.4176917377049,363,1.0039759590185813,49,0.7793815561235843,True,8,2414.25,88.40944149915632,3115.073486328125,89490.1818710137,nan,4.0985,-0.2204235497638567,60795.0,480.0
m4_p1024_k200k_s32000_r65_c32_m0_0,32000,32.909000000000006,1024,200000,32000,rocksdb,False,False,70800.99832611986,69953.84666666666,968.836270905093,968.836270905093,1592.255890050173,1630.219957692105,7953.0,9,6729.888888888889,8651.4,613.3483061111111,293,2.2932160389492737,9,0.9880347497989916,True,0,,,,,,,-0.01164238671400164,72520.0,300.0
m4_p1024_k200k_s32000_r65_c32_m55_0,32000,33.578,1024,200000,32000,rocksdb,False,False,70801.00045494197,80422.10416666667,81157.00201066716,81191.06064179206,92687.40796407289,93114.93378445136,163495.0,12,8234.416666666666,12864.849999999999,555.57483225,402,1.4662752406558113,12,1.1358893751486974,False,6,1340.1666666666667,70.16844520003761,2472.5550130208335,84062.37262677145,nan,25.802666666666664,0.13782842442198318,103364.5,480.0
m4_p1024_k200k_s32000_r65_c4_m0_0,4000,6.426500000000001,1024,200000,32000,rocksdb,False,False,70845.1518233813,62560.91,31144.120915653773,31144.120915653773,43257.10706925458,43661.73007095538,75409.0,47,6259.829787234043,7718.099999999999,519.7368797659575,278,0.4401216745178573,47,0.8830655082222971,True,0,,,,,,,-0.11650747038839071,69002.5,300.0
m4_p1024_k200k_s32000_r65_c4_m55_0,4000,6.701,1024,200000,32000,rocksdb,False,False,70800.99976245745,56277.527083333334,89100.13127420274,88769.33569830187,100974.92472909461,101327.37905746348,172676.0,64,6814.875,8774.599999999999,552.3322293125,411,0.6842134786193972,59,0.7948691017379497,True,4,2815.75,80.44456499896228,2901.106201171875,82289.57264096042,nan,4.74075,-0.2049884586942331,55042.0,480.0
m4_p1024_k200k_s32000_r65_c64_m0_0,64000,64.3,1024,200000,32000,rocksdb,False,False,70800.99762929669,71151.55666666667,396.0784347327702,396.0784347327702,718.2138924859315,748.2388150608276,5859.0,4,6313.75,6728.25,569.76955875,296,1.205420633363533,4,1.0049513290646759,False,0,,,,,,,0.005249553098761739,72254.5,300.0
m4_p1024_k200k_s32000_r65_c64_m55_0,64000,64.104,1024,200000,32000,rocksdb,False,False,70800.9992853318,85061.85208333333,50903.68278403982,42303.65239040915,55545.04988125185,55701.9892381987,136848.0,8,7594.375,8596.449999999999,586.919295875,384,2.1763321863157525,6,1.2014216316429311,False,5,1682.4,42.69808245636202,2790.655517578125,85733.80975485311,107946.25,28.678799999999995,0.20156431740562297,99497.0,480.0
m4_p1024_k200k_s32000_r65_c8_m0_0,8000,7.603,1024,200000,32000,rocksdb,False,False,70801.00172734608,69924.23333333334,12827.630629867472,12827.630629867472,20451.39751140163,20850.11995784008,45024.0,37,6442.648648648648,8493.6,566.7108707027028,279,0.628006858627089,37,0.9876164408324452,True,0,,,,,,,-0.01199494384546762,77331.0,300.0
m4_p1024_k200k_s32000_r65_c8_m55_0,8000,8.2925,1024,200000,32000,rocksdb,False,False,70767.80501222111,53742.65833333333,97162.12357846863,99598.04369281176,110960.48087230984,111421.92860327124,212192.0,47,7481.063829787234,13311.599999999973,537.5354327234043,375,1.5210113563216967,41,0.7594224283775983,True,7,2476.4285714285716,73.98994837031444,2697.09619140625,78373.94946557893,nan,4.324714285714285,-0.2404304050133731,54546.0,480.0
m5_p1024_k200k_s32000_r50_c128_m0_hashmap_0,128000,127.48150000000001,1024,200000,32000,hashmap,False,False,68540.0002000927,68610.48666666666,53.612124210749904,53.612124210749904,117.89529967867885,128.881870487631,727.0,3,1456.0,1904.1,206.608352,300,-0.01431280269775845,3,1.0010283989840705,False,0,,,,,,,0.0014924238071010176,68628.5,300.0
m5_p1024_k200k_s32000_r50_c128_m55_hashmap_0,128000,nan,1024,200000,32000,hashmap,False,False,68539.99916651039,120302.62083333333,229068.2318115541,208087.06233371168,234954.18873868397,235088.05539772633,444490.0,2,1923.0,2227.2,206.608352,334,nan,2,1.7552177166076608,False,10,1379.6,106.97482514727076,4668.497884114583,253259.95088360892,133015.5,117.81969999999998,0.7555468816479698,133068.0,480.0
m5_p1024_k200k_s32000_r50_c128_m55_par2_0,128000,94.026,1024,200000,32000,rocksdb,False,False,54461.99940410832,36988.020833333336,227970.12149462805,225212.86632107705,231875.2855695397,232012.37333641242,427796.0,4,6826.75,8099.4,504.24504825,406,4.317322123821692,3,0.6791528265218841,True,6,2596.2,246.10210093610092,3219.5358072916665,248451.49103067908,nan,67.782,-0.32078066658505233,52015.5,480.0
m5_p1024_k200k_s32000_r50_c16_m0_hashmap_0,16000,15.8805,1024,200000,32000,hashmap,False,False,68540.00120013602,68576.23666666666,82.23103197409831,82.23103197409831,188.68351339975834,204.60267567905325,2343.0,19,1900.2631578947369,3619.9999999999995,206.608352,299,0.05506277989870471,19,1.0005286761875718,False,0,,,,,,,0.0006420822902313272,69069.0,300.0
m5_p1024_k200k_s32000_r50_c16_m55_hashmap_0,16000,15.9665,1024,200000,32000,hashmap,False,False,68539.99924989686,74318.09583333334,1626.1626793395933,83.23639333860756,2288.035246210504,2324.9139635294073,19925.0,29,2089.310344827586,3925.2,206.608352,373,0.03277645662173443,22,1.0843025480985131,False,4,1075.25,3.205725795200604,17892.621337890625,11823.852432861218,132041.75,8.513749999999998,0.08445166020179062,68862.0,480.0
m5_p1024_k200k_s32000_r50_c16_m55_par2_0,16000,16.29,1024,200000,32000,rocksdb,False,False,54462.000575117425,33451.3875,135275.63544331057,135017.9871455815,141806.36829625777,142047.16743351327,299229.0,27,7415.2962962962965,9534.199999999999,488.1574177407407,356,4.042414933941037,20,0.6142151802496079,True,7,3194.1428571428573,122.41215312173001,3515.514892578125,141563.67850881,nan,7.410857142857144,-0.38565939187623344,51507.5,480.0
m5_p1024_k200k_s32000_r50_c2_m0_hashmap_0,2000,1.99,1024,200000,32000,hashmap,False,False,68540.00106722875,68557.16666666667,153.05359352170817,153.05359352170817,365.54652268301635,387.82196877058806,894.0,150,1297.56,1910.1999999999998,206.608352,300,-0.03311201580678771,150,1.0002504464425246,False,0,,,,,,,0.000777522604429759,69223.5,300.0
m5_p1024_k200k_s32000_r50_c2_m55_hashmap_0,2000,1.98,1024,200000,32000,hashmap,False,False,68539.99958327255,70481.16666666667,554.7453339485489,134.92033402156443,965.3775554994596,993.7701114009179,8388.0,222,1058.1576576576576,2001.55,206.608352,338,-0.009089593420789507,164,1.028321667569252,False,8,1731.0,2.819104997880193,9427.385498046875,3922.1454130809425,128985.0,1.1055000000000001,0.0284716530186504,68671.5,480.0
m5_p1024_k200k_s32000_r50_c2_m55_par2_0,2000,6.47,1024,200000,32000,rocksdb,False,False,54461.99961242168,26078.810416666667,180013.94538334082,183111.05217523497,185245.66846080098,185399.91880253356,320515.0,72,6035.402777777777,7925.700000000001,443.1357950138889,350,3.2732455409732535,60,0.4788441592717176,True,6,3296.6666666666665,123.25892748876399,3873.668701171875,138980.544457964,nan,2.1716666666666664,-0.5210590547455956,34346.5,480.0
m5_p1024_k200k_s32000_r50_c32_m0_hashmap_0,32000,31.853,1024,200000,32000,hashmap,False,False,68539.99979995932,68534.76666666666,101.06391588113672,101.06391588113672,202.69867191493563,216.16073477062494,3344.0,9,2158.777777777778,3828.5999999999995,206.608352,297,0.07124306265173327,9,0.9999236484781452,False,0,,,,,,,0.00012700763636463996,68741.0,300.0
m5_p1024_k200k_s32000_r50_c32_m55_hashmap_0,32000,37.771,1024,200000,32000,hashmap,False,False,68540.0006668167,117286.4875,38942.553233451836,24061.550337255536,50594.313104056426,50864.27084965066,117395.0,12,2424.75,5172.999999999998,206.608352,260,-2.7524802475072963,7,1.7112122316739875,False,10,1355.2,31.340241104533376,13634.73740234375,59017.613245138185,133024.0,21.372000000000003,0.7115973410757295,132446.5,480.0
m5_p1024_k200k_s32000_r50_c32_m55_par2_0,32000,32.505,1024,200000,32000,rocksdb,False,False,54461.999929152946,42649.28125,108426.01646881994,87966.25132406408,120169.5893113185,120354.39245503112,273315.0,12,6773.75,7994.05,501.01480158333334,325,3.827329142150529,11,0.7831016361037135,True,7,2876.1428571428573,91.58647927942484,2947.529541015625,163319.24813224096,53032.0,20.05185714285714,-0.21674660855169336,53740.0,480.0
m5_p1024_k200k_s32000_r50_c4_m0_hashmap_0,4000,4.002,1024,200000,32000,hashmap,False,False,68539.99979989261,68600.57333333333,108.01657716952026,108.01657716952026,254.64040548349158,272.8405312647533,1345.0,74,1227.6351351351352,1961.049999999999,206.608352,299,0.03023051657184963,74,1.000883769092757,False,0,,,,,,,0.001421198469268914,68937.0,300.0
m5_p1024_k200k_s32000_r50_c4_m55_hashmap_0,4000,3.992,1024,200000,32000,hashmap,False,False,68540.00037509143,71784.4125,773.8181086086528,101.57701375001375,1224.201078298161,1250.3496029691682,10015.0,111,1227.162162162162,2063.0,206.608352,327,0.006820848193319929,80,1.0473360389138202,False,8,1485.625,2.6970111380146964,10874.27392578125,5159.476713100712,131144.5,2.31225,0.04759138931496554,68896.0,480.0
m5_p1024_k200k_s32000_r50_c4_m55_par2_0,4000,6.782,1024,200000,32000,rocksdb,False,False,54496.17278340372,23341.50625,178960.31488274242,182969.2597441024,185335.55626256982,185576.51018121064,363924.0,62,6702.919354838709,9075.05,428.3197850645161,341,3.880684786791791,53,0.42831459638039804,True,6,2889.0,113.12381901533348,3637.67822265625,146712.43739893267,nan,3.9101666666666666,-0.5714371943279836,23528.0,480.0
m5_p1024_k200k_s32000_r50_c64_m0_hashmap_0,64000,62.992999999999995,1024,200000,32000,hashmap,False,False,68540.00006668067,68519.41666666667,60.50269473494739,60.50269473494739,130.57613226421222,142.96388211127504,1277.0,5,2207.6,4404.599999999999,206.608352,300,0.025138607115335394,5,0.9996996877736507,False,0,,,,,,,-9.033119590040606e-05,68602.5,300.0
m5_p1024_k200k_s32000_r50_c64_m55_hashmap_0,64000,64.6695,1024,200000,32000,hashmap,False,False,68539.99974993644,106609.16041666667,27309.903331067333,7980.251760025257,31469.557585782037,31581.399431455204,88850.0,7,2521.714285714286,4048.1,206.608352,255,-0.769805963745892,4,1.5554298337558066,False,7,1069.5714285714287,4.203154960703564,30433.33269391741,51841.29413385631,133339.0,33.15385714285714,0.5558252726792792,70938.0,480.0
m5_p1024_k200k_s32000_r50_c64_m55_par2_0,64000,61.2385,1024,200000,32000,rocksdb,False,False,54461.999112357604,43449.67291666667,224920.35732672134,226756.60853756758,229455.06458055903,229504.89901789153,406855.0,5,6180.8,6814.6,471.4881758,375,2.7716939399789555,5,0.7977979806989457,True,9,2552.222222222222,76.25908282922289,2747.489312065972,221153.8839715981,nan,73.55922222222222,-0.2020740186748835,52856.0,480.0
m5_p1024_k200k_s32000_r50_c8_m0_hashmap_0,8000,7.9875,1024,200000,32000,hashmap,False,False,68539.99926628268,68501.36666666667,128.57801041439075,128.57801041439075,272.0521094226344,291.78781683674435,2577.0,37,1817.918918918919,3306.3999999999974,206.608352,293,0.03351325586744419,37,0.9994363495764579,False,0,,,,,,,-4.033820053384041e-05,68986.0,300.0
m5_p1024_k200k_s32000_r50_c8_m55_hashmap_0,8000,8.032499999999999,1024,200000,32000,hashmap,False,False,68539.99970829749,73219.22916666667,932.2335382354875,85.97983036282635,1466.75751147453,1496.2134548842048,12075.0,57,1727.5087719298247,2535.6,206.608352,335,0.03980156525173528,41,1.0682700536662348,False,7,1212.7142857142858,3.522155394910288,12140.07017299107,6484.514189011109,131637.0,3.0441428571428566,0.06840137800228097,68841.0,480.0
m5_p1024_k200k_s32000_r50_c8_m55_par2_0,8000,8.148499999999999,1024,200000,32000,rocksdb,False,False,54462.000245878924,25222.75625,165996.41911524505,172330.03940825368,170849.4682755478,170926.12035518853,336620.0,51,6544.529411764706,9528.0,450.42197635294116,361,3.625840053873233,46,0.4631257782697501,True,6,2935.8333333333335,104.91201796702303,3453.6839192708335,126427.80978579533,nan,4.838333333333334,-0.5367883345672841,24372.0,480.0
m5_p1024_k200k_s32000_r80_c128_m55_0,128000,94.4345,1024,200000,32000,rocksdb,False,False,87140.00050006875,84948.95625,124623.99370727505,108651.45537403693,132438.3308567726,132703.46035635273,302927.0,3,8814.0,9893.4,556.518523,354,nan,2,0.9748560450138278,True,8,2171.0,55.81884729875941,2559.142333984375,147094.65518227336,103951.0,91.598,-0.025009893846576148,101548.5,480.0
m5_p1024_k200k_s32000_r80_c128_m55_una_0,128000,nan,1024,200000,32000,rocksdb,False,True,87149.62378911354,87009.51041666667,216737.60785285325,221423.21048510494,221522.86321875974,221745.63455055738,365342.0,2,10313.0,11946.5,836.274925,384,nan,1,0.9983922664682303,False,8,1864.5,12.092845529835273,2548.158203125,202705.6326704667,nan,119.44550000000001,-0.0014350650117612718,105995.0,480.0
m5_p1024_k200k_s32000_r80_c16_m55_0,16000,16.999000000000002,1024,200000,32000,rocksdb,False,False,87139.99883309995,69241.62916666667,104739.97171279609,97962.99825571825,118522.05780563367,119024.97416074542,225447.0,25,8500.92,10234.2,529.5014436399999,338,3.770323553832227,19,0.7946021355736509,True,8,1991.875,112.09279826746456,3710.9808523995534,118287.05812828738,99650.5,6.6522499999999996,-0.20523891220879087,84890.0,480.0
m5_p1024_k200k_s32000_r80_c16_m55_una_0,16000,15.825,1024,200000,32000,rocksdb,False,True,87140.00045845081,64901.3875,116052.16112222947,116831.65072791415,124040.56804785183,124401.34048944639,231278.0,26,7055.192307692308,8984.0,528.3406669615384,368,4.077209106830173,23,0.744794436063213,True,7,1828.7142857142858,112.02756381486677,2544.3935546875,115250.01362042034,nan,9.602857142857143,-0.25501466144378193,87556.5,480.0
m5_p1024_k200k_s32000_r80_c2_m55_0,2000,8.782,1024,200000,32000,rocksdb,False,False,87116.57442676513,44885.12708333333,165368.47889127713,170624.68537989917,178612.6878302905,179122.21599327098,321566.0,50,8464.86,11406.4,522.5350559,372,3.8728880983638976,43,0.5152306249262152,True,6,2651.1666666666665,101.0226059429699,3265.0433756510415,123952.87640118146,nan,4.891000000000001,-0.48467060360614267,42966.0,480.0
m5_p1024_k200k_s32000_r80_c2_m55_una_0,2000,6.846,1024,200000,32000,rocksdb,False,True,87139.99804154834,42735.902083333334,191091.1283381318,193073.35351957814,198109.3848000459,198533.2560535436,343682.0,61,6644.868852459016,8501.0,477.08747308196723,338,3.8176726053464325,55,0.4904280817513544,True,6,2871.6666666666665,173.6166442449955,3369.1449381510415,180687.59707758596,nan,6.1525,-0.5095422864284507,47801.0,480.0
m5_p1024_k200k_s32000_r80_c32_m55_0,32000,48.586,1024,200000,32000,rocksdb,False,False,87140.0011669195,79883.9375,121258.3562757584,111134.01012974436,128895.2454736807,129083.48019697327,232035.0,10,8842.0,10265.1,575.7719611,362,3.7459835653132134,9,0.9167309666083172,True,7,2246.714285714286,88.47715583303962,6664.066789899553,132067.40648396828,105897.5,23.853571428571428,-0.08307036530416534,98879.5,480.0
m5_p1024_k200k_s32000_r80_c32_m55_una_0,32000,39.687,1024,200000,32000,rocksdb,False,True,87139.99958331596,75395.34375,118322.85414196528,112824.3152145896,125826.99454829286,126067.76209223796,260533.0,12,7514.5,9789.35,529.3690631666667,358,4.049833576235639,10,0.8652208412958884,True,8,2384.0,107.36712623592238,2965.4498465401784,132074.41733379062,38234.0,17.575249999999997,-0.13474310633354225,97370.0,480.0
m5_p1024_k200k_s32000_r80_c4_m55_0,4000,8.859,1024,200000,32000,rocksdb,False,False,87140.00170926987,48852.17291666667,167248.0731816646,167827.7151572905,178938.06671129394,179365.76552454615,316060.0,45,8469.888888888889,10473.399999999998,530.9502623333333,320,3.587847273208824,32,0.5606170754925499,True,9,3113.1111111111113,166.39351767339735,3112.2034505208335,162998.29659976924,nan,4.388888888888889,-0.4390755846715515,47963.0,480.0
m5_p1024_k200k_s32000_r80_c4_m55_una_0,4000,6.6045,1024,200000,32000,rocksdb,False,True,87139.99858322117,44218.26666666667,169381.54585397587,168392.72800750332,177453.4390120542,177832.60956115046,323297.0,63,6278.9682539682535,8345.8,457.6118558888889,346,3.753809887880342,56,0.507439377847097,True,7,2198.1428571428573,165.2660759091579,2960.4637625558034,163657.88587054104,nan,5.1888571428571435,-0.4925204466882658,49226.5,480.0
m5_p1024_k200k_s32000_r80_c64_m55_0,64000,65.6525,1024,200000,32000,rocksdb,False,False,87139.9995414976,79889.52291666667,165308.44404748423,163976.3852003923,175661.50882391728,175920.88422876998,321827.0,7,9137.57142857143,11146.6,580.4940461428572,396,4.958790422989925,5,0.9167950807553296,True,7,2281.5714285714284,120.47561186877996,2622.4438127790177,169594.61647250396,nan,41.640142857142855,-0.08286672635001202,99329.0,480.0
m5_p1024_k200k_s32000_r80_c64_m55_una_0,64000,126.007,1024,200000,32000,rocksdb,False,True,87139.9984161189,83957.92708333333,167430.66753149303,162139.47807537825,173932.43446937273,174211.9216170401,323334.0,4,8135.5,9054.699999999999,595.975742,393,3.3020999652880865,4,0.9634832293938054,True,6,2387.0,143.1158396326909,4727.022298177083,190821.6385997552,105798.0,56.08166666666667,-0.03618345071623397,100550.0,480.0
m5_p1024_k200k_s32000_r80_c8_m55_0,8000,9.286,1024,200000,32000,rocksdb,False,False,87140.00025005627,47404.23333333333,166195.0689396499,167045.87798558958,174824.25759632402,175127.50099384584,298692.0,47,8828.595744680852,11562.299999999996,533.3746975744681,368,3.9028230594400863,39,0.5440008399965861,True,6,2082.8333333333335,160.1696852823421,2741.546630859375,157829.70878120043,nan,2.537833333333333,-0.45587673226817416,43877.5,480.0
m5_p1024_k200k_s32000_r80_c8_m55_una_0,8000,8.412,1024,200000,32000,rocksdb,False,True,87140.00062512372,45298.09583333333,167164.09847180845,167179.97765972305,174462.9451668912,174791.5932054907,331856.0,48,6278.645833333333,8716.65,479.60817427083333,337,3.67621073003747,41,0.5198312543995236,True,8,3254.0,150.78474924956484,3535.5947265625,167770.74919764925,nan,5.6905,-0.480065841965032,46095.0,480.0
m6_p1024_k200k_s32000_r50_c10_m55_0,10000,10.232,1024,200000,32000,rocksdb,False,False,54461.999653945335,49693.395833333336,55770.34619548288,55865.9060081749,68599.58527994373,69106.49020623548,149230.0,42,9500.357142857143,11775.849999999997,519.8843950714286,367,0.3399250192344203,34,0.9124416317632114,True,6,1953.0,59.68598539911049,2826.5785319010415,59542.15418359216,nan,3.275166666666667,-0.0869744122879812,47642.0,480.0
m6_p1024_k200k_s32000_r50_c128_m55_0,128000,nan,1024,200000,32000,rocksdb,False,False,54461.99852874675,89302.44583333333,160298.75001746172,161759.76905783877,169788.53915915516,170053.02907353183,294983.0,1,8190.0,8190.0,418.015205,400,nan,1,1.6397203232671806,False,7,1519.5714285714287,11.975514028077498,2727.317626953125,172885.57821624805,nan,115.82628571428573,0.6401884603902503,107568.0,480.0
m6_p1024_k200k_s32000_r50_c12_m0_0,12000,11.59,1024,200000,32000,rocksdb,False,False,54461.99995332509,54628.755,5662.547839198117,5662.547839198117,9002.408440268011,9208.908365780379,31666.0,50,8405.38,10776.1,551.25376544,548,0.6718904846733504,50,1.0030618605048993,False,0,,,,,,,0.003239099412462254,59001.5,600.0
m6_p1024_k200k_s32000_r50_c12_m55_0,12000,12.691500000000001,1024,200000,32000,rocksdb,False,False,54461.999549969994,56540.808333333334,85396.56795018406,85248.04513753465,94909.42067934119,95309.40959906981,154599.0,29,9209.034482758621,11190.4,552.8598629310344,335,0.02774402862859644,25,1.0381698946153453,False,9,2668.3333333333335,77.848,3069.4384494357637,82849.99359652476,nan,8.261666666666667,0.038239110556048894,66320.0,480.0
m6_p1024_k200k_s32000_r50_c16_m0_0,16000,15.979,1024,200000,32000,rocksdb,False,False,54461.9998766311,54546.96166666667,1967.7727242797544,1967.7727242797544,3288.757683020353,3363.208717491353,13637.0,38,8453.605263157895,10670.7,588.7270104210526,550,1.3183044856616815,38,1.0015600196509131,False,0,,,,,,,0.00184888607973277,58807.5,600.0
m6_p1024_k200k_s32000_r50_c16_m0_ctl_0,16000,15.6675,1024,200000,32000,rocksdb,False,False,54462.00144343678,54426.685,2642.312607899354,2642.312607899354,4109.18633393405,4188.815293698915,22252.0,37,7818.5675675675675,10216.8,597.7707578918919,566,0.9711360108700078,37,0.9993515397432932,False,0,,,,,,,-0.0005768349298768127,57267.5,600.0
m6_p1024_k200k_s32000_r50_c16_m0_ctl_1,16000,16.0065,1024,200000,32000,rocksdb,False,False,54462.000996881,52637.525,5894.992329553235,5894.992329553235,8659.688160838363,8820.728307926078,36834.0,37,8688.648648648648,12945.599999999988,512.844866,556,1.681557944822763,37,0.9665000190318845,True,0,,,,,,,-0.03329213877795267,54921.0,600.0
m6_p1024_k200k_s32000_r50_c16_m150_0,16000,16.146,1024,200000,32000,rocksdb,False,False,54469.84146709241,61131.625757575755,17079.245334725198,3528.2208045369057,27476.12202801937,27876.28650096378,71833.0,38,9090.342105263158,12402.199999999999,587.0166747368421,179,1.3674306686157354,10,1.1223022522382045,False,6,2723.0,25.008931087286467,150207.0986328125,32080.543337877923,86371.75,6.7734999999999985,0.12253526334589893,62117.0,660.0
m6_p1024_k200k_s32000_r50_c16_m300_0,16000,16.53,1024,200000,32000,rocksdb,False,False,54461.99979997555,57458.665555555555,7993.275092903016,2983.6315047804533,11905.71694235696,12082.346062664294,41947.0,52,9188.01923076923,11344.65,593.7903443846154,503,1.905016309184147,32,1.0550230576656376,False,4,3225.0,14.665143170477627,75928.61157226562,24756.460395909784,89326.75,10.7615,0.055152020690388825,57746.0,900.0
m6_p1024_k200k_s32000_r50_c16_m55_0,16000,17.362000000000002,1024,200000,32000,rocksdb,False,False,54461.99957494864,64349.475,26143.23308763073,23172.704756747346,35209.813998353005,35504.690488280336,78187.0,25,8643.12,11449.199999999997,555.10027548,325,0.4448054818236067,17,1.1815481528812501,False,8,1724.75,21.638498507005494,7062.0654296875,33144.64129335589,107351.25,8.662749999999999,0.18169094053656498,75673.0,480.0
m6_p1024_k200k_s32000_r50_c16_m55_ctl_2,16000,17.236,1024,200000,32000,rocksdb,False,False,54461.999441566615,59257.8,64435.274857627744,63512.74027025544,82385.10755180471,83053.94473832278,158438.0,22,9612.545454545454,11010.85,585.3069288181819,338,0.8429362602763976,19,1.0880577394808815,False,9,2114.4444444444443,40.34071125951457,3413.0614963107637,62318.08947683911,106522.0,10.832555555555555,0.08825271809287316,70974.0,480.0
m6_p1024_k200k_s32000_r50_c16_m55_ctl_3,16000,16.7985,1024,200000,32000,rocksdb,False,False,54486.63844051558,59779.97708333333,11943.464556049617,8143.565728485165,15545.17182178021,15737.485111287786,43129.0,27,9323.888888888889,11480.8,547.299513962963,288,1.5733594077103574,18,1.0971492974116328,False,5,2797.0,14.052633372043806,25172.464599609375,23936.603905106025,95820.0,6.8628,0.09784231037005409,64702.0,480.0
m6_p1024_k200k_s32000_r50_c16_m55_ctl_4,16000,16.4785,1024,200000,32000,rocksdb,False,False,54462.00005000542,60439.74166666667,11988.353423395947,1266.0381432793642,18516.669488577398,18718.28537417916,50121.0,27,8706.814814814816,10734.599999999999,582.6619510740741,182,1.0165436515223585,11,1.10975986212722,False,4,3151.5,21.327684692070413,215578.00634765625,33103.31303728745,82908.0,10.009500000000001,0.10988009913796004,56271.0,480.0
m6_p1024_k200k_s32000_r50_c24_m0_0,24000,24.1505,1024,200000,32000,rocksdb,False,False,54461.99967995519,54448.47833333333,2253.8978962283213,2253.8978962283213,3374.220305911824,3438.0984332987327,20216.0,25,8900.04,12308.999999999993,625.71128076,576,1.0644485597346394,25,0.9997517287888562,False,0,,,,,,,-0.00010828637123583285,54826.5,600.0
m6_p1024_k200k_s32000_r50_c24_m55_0,24000,25.594,1024,200000,32000,rocksdb,False,False,54461.99873329111,63880.31458333333,80107.86507417468,79350.59206156072,90461.00381116365,90922.47603677855,164223.0,15,9780.333333333334,11854.4,537.3155432666666,376,0.41810779251263314,13,1.172933716519755,False,7,1847.2857142857142,51.16377083524763,3688.23291015625,78423.19899827226,104086.0,16.908,0.17297281561360878,76288.5,480.0
m6_p1024_k200k_s32000_r50_c2_m55_0,2000,9.3705,1024,200000,32000,rocksdb,False,False,54433.624537872565,48145.97708333333,99318.93255476649,102286.10798178134,113915.89102135523,114536.72264535428,162318.0,49,8822.816326530612,10559.8,550.9149535102041,359,0.43017462057552724,42,0.8844896420563624,True,5,3324.6,70.69584913164523,3839.855908203125,74038.35854322727,nan,3.2558,-0.11522649311017708,54016.0,480.0
m6_p1024_k200k_s32000_r50_c32_m0_0,32000,31.723,1024,200000,32000,rocksdb,False,False,54514.58089818133,54617.931666666664,4244.340526687221,4244.340526687221,6270.237955214891,6351.117467801097,39152.0,19,8823.78947368421,12090.099999999993,665.8665408947369,575,1.235857030790813,19,1.0018958371647095,False,0,,,,,,,0.0023585927150129304,55201.0,600.0
m6_p1024_k200k_s32000_r50_c32_m150_0,32000,32.257,1024,200000,32000,rocksdb,False,False,54462.00008488553,58671.625757575755,4669.660624116148,1305.7498282005881,6895.853145548931,6989.857626936649,28197.0,20,9021.4,11403.1,635.1320796499999,408,2.0830487435649543,13,1.0772947314848706,False,4,1963.25,8.570106918190936,47895.6435546875,17862.23159766246,94830.25,14.590500000000002,0.07776502895204973,55872.0,660.0
m6_p1024_k200k_s32000_r50_c32_m300_0,32000,31.9705,1024,200000,32000,rocksdb,False,False,54462.000164472585,57958.46,3850.8482092366,1431.0952867856424,5730.584012239111,5819.060275832802,37611.0,27,8529.62962962963,11318.4,579.4920684814814,696,1.7269472527350092,23,1.0641999894415974,False,3,1924.3333333333333,9.09608439507063,47502.456868489586,21015.97806089045,91015.0,12.336666666666666,0.06438211704829233,55958.5,900.0
m6_p1024_k200k_s32000_r50_c32_m55_0,32000,32.5185,1024,200000,32000,rocksdb,False,False,54461.999099879984,64930.32083333333,16457.728450569157,7440.044645225062,20637.09524328548,20802.214932488205,65876.0,13,9353.384615384615,11750.0,576.8941638461539,305,2.004388236346439,8,1.192213321333561,False,5,2969.6,13.123454454354139,24117.69453125,32371.383506844682,82085.0,15.316399999999998,0.19237230430746877,61420.0,480.0
m6_p1024_k200k_s32000_r50_c3_m55_0,3000,9.305,1024,200000,32000,rocksdb,False,False,54461.99912483591,47215.94375,110079.83224747573,112729.21177054089,120063.27862807465,120432.87017869538,189075.0,44,8644.431818181818,11062.550000000001,555.1631801363636,335,0.3040283330919125,35,0.866952086018239,True,8,2941.5,100.62381116695113,3373.43212890625,97824.68261037426,nan,6.5756250000000005,-0.13288532998113234,51794.0,480.0
m6_p1024_k200k_s32000_r50_c48_m0_0,48000,48.2,1024,200000,32000,rocksdb,False,False,54462.00076353567,53791.905,1131.7914505909393,1131.7914505909393,1795.437916820384,1843.7442982669356,16044.0,13,9465.615384615385,13289.199999999997,677.0027863076923,574,2.7314826244918624,13,0.9876960861859426,True,0,,,,,,,-0.012042104971874967,54947.5,600.0
m6_p1024_k200k_s32000_r50_c48_m55_0,48000,75.876,1024,200000,32000,rocksdb,False,False,54461.99844151731,75624.42916666667,101831.11958627457,102894.69030017062,113197.98673389436,113718.96754408008,204386.0,8,9499.625,10663.25,576.247096375,373,2.0867941999798463,8,1.3885724235381138,False,8,2061.875,68.31138630631528,2944.531494140625,96635.5103856062,nan,26.3305,0.38870550781594604,91806.0,480.0
m6_p1024_k200k_s32000_r50_c4_m150_0,4000,8.6365,1024,200000,32000,rocksdb,False,False,54462.00014243223,50425.42121212121,81081.58670665692,81712.0187973514,96009.26392393831,96697.9836368008,160517.0,71,8348.18309859155,10988.5,550.2957889577465,507,-0.1932356238873829,63,0.9258826535978422,True,6,2655.0,68.95334926360957,3249.2691243489585,76323.16133391393,nan,5.239166666666667,-0.07406543794943676,54592.0,660.0
m6_p1024_k200k_s32000_r50_c4_m300_0,4000,8.6655,1024,200000,32000,rocksdb,False,False,54461.99969769582,49590.36111111111,92556.01149636494,92991.31877144381,113174.75031881756,113811.4092559878,181278.0,103,8356.398058252427,11295.999999999998,530.2095520388349,768,0.18895738375529444,99,0.910549766559695,True,3,2372.6666666666665,95.05377942682597,3779.0371907552085,79269.84730917784,nan,4.100333333333333,-0.0892033063366896,48155.5,900.0
m6_p1024_k200k_s32000_r50_c4_m55_0,4000,9.042,1024,200000,32000,rocksdb,False,False,54462.000550082514,45042.71041666667,123178.4758005839,126658.20394511198,141316.08334214828,141865.8043993985,215418.0,45,8959.022222222222,13474.999999999989,536.0472777111112,356,0.034170720081335135,38,0.8270484000169257,True,6,2528.5,87.39410207754662,3187.328369140625,96395.5624601139,nan,7.478833333333334,-0.1728275241116911,41831.5,480.0
m6_p1024_k200k_s32000_r50_c5_m55_0,5000,8.566,1024,200000,32000,rocksdb,False,False,54462.001867086765,49105.625,48250.296389712654,45572.849187746775,63408.50587097541,64157.89470418783,147116.0,50,8330.62,10179.449999999999,519.09844788,346,-0.17237672151757266,41,0.9016492842081186,True,6,2400.3333333333335,43.994898728278336,2821.951123046875,53566.75784664406,49498.0,2.877166666666666,-0.09814779904666682,46150.5,480.0
m6_p1024_k200k_s32000_r50_c64_m0_0,64000,62.322,1024,200000,32000,rocksdb,False,False,54461.99944656152,54473.26833333333,1723.8493768243084,1723.8493768243084,2669.281931984927,2720.726551136198,21431.0,10,9787.7,15851.699999999993,632.9437534,591,2.564852492353232,10,1.000206912836222,False,0,,,,,,,0.0003969882639922595,54964.0,600.0
m6_p1024_k200k_s32000_r50_c64_m150_0,64000,63.484,1024,200000,32000,rocksdb,False,False,54461.99977266699,56890.0196969697,4901.525495191906,3241.742806974147,6516.2302065391295,6585.359545356693,34745.0,10,8835.1,12249.75,646.8043502999999,586,2.0483364268020026,10,1.0445819091189756,False,1,1115.0,14.048996922820255,50737.143310546875,31295.996922820254,83817.5,17.247,0.044858955054027705,55745.5,660.0
m6_p1024_k200k_s32000_r50_c64_m300_0,64000,62.096000000000004,1024,200000,32000,rocksdb,False,False,54461.999995554776,73776.92333333334,38780.052837599884,566.3114802967771,52275.9281638819,52660.46363704122,127152.0,13,9020.692307692309,13074.199999999999,564.2047890769231,166,nan,2,1.354649541686957,False,7,1966.4285714285713,42.14006988079373,321442.4466029576,84649.31959786569,95982.5,35.52542857142857,0.354887399697126,54708.0,900.0
m6_p1024_k200k_s32000_r50_c64_m55_0,64000,nan,1024,200000,32000,rocksdb,False,False,54461.99930816902,79198.73125,234850.22279263154,234864.46743062857,241246.04356025168,241444.85640344984,430067.0,2,10962.5,11106.95,557.2001865,362,nan,2,1.4542016866083098,False,10,2121.2,128.022,2720.02822265625,224391.92930181738,nan,117.7319,0.4545471415544291,96106.5,480.0
m6_p1024_k200k_s32000_r50_c6_m0_0,6000,8.761,1024,200000,32000,rocksdb,False,False,54461.99951330575,50309.65666666667,27256.793316816515,27256.793316816515,36626.16829787548,36970.79484839789,76838.0,68,8680.79411764706,10438.949999999999,522.6255177647059,537,0.21667393497997267,68,0.9237570621030061,True,0,,,,,,,-0.07619058869702011,47363.0,600.0
m6_p1024_k200k_s32000_r50_c6_m55_0,6000,9.748,1024,200000,32000,rocksdb,False,False,54462.00010002167,48617.447916666664,94247.89131675335,94485.4109640706,114317.1979080727,114987.515173672,205737.0,40,9005.5,11423.4,524.6808362,317,0.7200158083288342,30,0.8926856859347573,True,10,2749.3,85.68154086482713,3231.195166015625,77626.4734743779,nan,3.8316000000000003,-0.10712085691757489,48748.0,480.0
m6_p1024_k200k_s32000_r50_c8_m0_0,8000,8.5425,1024,200000,32000,rocksdb,False,False,54450.83284434013,48307.52166666667,37371.8593531656,37371.8593531656,56006.643017393464,56470.61695316392,128200.0,71,8444.239436619719,10702.0,522.4749877605634,515,0.41730757232914,71,0.8871769106776476,True,0,,,,,,,-0.11263378452971862,49317.0,600.0
m6_p1024_k200k_s32000_r50_c8_m150_0,8000,9.103,1024,200000,32000,rocksdb,False,False,54443.01867807819,48467.15757575758,56244.727512951285,52840.851604789255,74007.82799870978,74817.19699781708,156338.0,70,8676.971428571429,10671.5,524.7864365,516,0.24453883040513785,64,0.8902364114367739,True,4,2384.75,93.52404983527751,3487.33642578125,88197.20221645493,55524.5,4.8315,-0.10965296968976335,49855.0,660.0
m6_p1024_k200k_s32000_r50_c8_m300_0,8000,9.68,1024,200000,32000,rocksdb,False,False,54462.000371134614,44929.05,101167.75097349167,102097.20651537053,121819.24764559035,122705.05606169926,243556.0,92,9538.826086956522,12876.150000000001,526.9145626521739,778,0.8569094636214253,91,0.8249614353829874,True,1,2427.0,38.42363353321815,2780.236572265625,40493.63353321815,nan,2.07,-0.1749863137502169,43242.0,900.0
m6_p1024_k200k_s32000_r50_c8_m55_0,8000,9.48,1024,200000,32000,rocksdb,False,False,54462.00003750304,47059.94375,69308.65777083156,69222.54505687299,82718.231055755,83052.5177501673,150068.0,45,9282.177777777777,11059.199999999999,528.2868525111112,357,0.6384267994397469,39,0.8640876889867078,True,6,3177.6666666666665,65.57074031339218,3226.7811686197915,62995.539715836516,nan,2.6228333333333333,-0.1358420981837697,43841.0,480.0
m8_p1024_k100k_s32000_r30_c12_m0_0,12000,13.436,1024,100000,32000,rocksdb,False,False,33740.00108355456,33754.458333333336,574.9153658097017,574.9153658097017,1040.946465343467,1078.2296131251799,6528.0,40,5927.45,8872.499999999996,419.9672853,471,0.0010078585000622576,40,1.0004284899026226,False,0,,,,,,,0.0006327857630490374,33786.0,480.0
m8_p1024_k100k_s32000_r30_c20_m0_0,20000,19.097,1024,100000,32000,rocksdb,False,False,33740.00008335869,33741.566666666666,341.06383984096766,341.06383984096766,643.014425456435,677.9650011311469,6233.0,24,5459.875,8832.5,367.481423,475,0.07016895297757147,24,1.00004643104043,False,0,,,,,,,0.0003507043796788789,33766.0,480.0
m8_p1024_k100k_s32000_r30_c32_m0_0,32000,33.036,1024,100000,32000,rocksdb,False,False,33739.99974994166,33747.74791666667,230.0158006839839,230.0158006839839,462.75028765808383,486.81708649817926,6211.0,15,5018.133333333333,8915.9,351.5967181333333,474,0.10625365370957922,15,1.0002296433545474,False,0,,,,,,,0.0004630847409872185,34056.0,480.0
m8_p1024_k100k_s32000_r30_c48_m0_0,48000,48.203,1024,100000,32000,rocksdb,False,False,33740.001375312306,33751.972916666666,172.76802454819463,172.76802454819463,362.11033854996253,381.3018094559534,5270.0,10,4905.3,6042.65,380.9539722,475,0.12159180192622941,10,1.0003548174530639,False,0,,,,,,,0.00058203295638104,33868.0,480.0
m8_p1024_k200k_s32000_r30_c20_m0_0,20000,19.99,1024,200000,32000,rocksdb,False,False,32677.000068348487,32677.376666666667,1412.99702521,1412.99702521,2270.9654043016303,2350.833439812029,27550.0,30,10019.4,11832.249999999998,664.1621394333333,586,0.09108855603658868,30,1.0000115248742967,False,0,,,,,,,0.00023324324321571943,32811.0,600.0
m8_p1024_k200k_s32000_r30_c32_m0_0,32000,32.8,1024,200000,32000,rocksdb,False,False,32677.00126175289,32683.405,1027.3174794160318,1027.3174794160318,1735.1866410491807,1788.7684319713119,22183.0,19,9284.368421052632,12082.899999999996,659.0225764736842,574,0.4463998999533844,19,1.0001959708051487,False,0,,,,,,,0.00026432220049921185,32893.5,600.0
m8_p1024_k200k_s32000_r30_c48_m0_0,48000,47.004,1024,200000,32000,rocksdb,False,False,32677.00086521198,32675.105,824.0416150664754,824.0416150664754,1346.3327997466777,1376.5931026082394,22269.0,12,9320.916666666666,12902.9,665.2356745833333,578,0.3866330808462285,12,0.999941981664113,False,0,,,,,,,0.00018702748584709106,32983.5,600.0
m8_p1024_k200k_s32000_r30_c72_m0_0,72000,73.0735,1024,200000,32000,rocksdb,False,False,32787.85356902931,32731.716666666667,825.6791386845481,825.6791386845481,1297.9210636166858,1334.9008992297481,22943.0,9,11857.555555555555,19545.399999999998,730.8398871111111,592,0.42470365999588355,9,0.9982878750435904,False,0,,,,,,,0.0009604394168332142,32706.0,600.0
m8_p1024_k400k_s32000_r30_c112_m0_0,112000,112.865,1024,400000,32000,rocksdb,False,False,28009.58268006138,27337.47888888889,17098.388007371726,17098.388007371726,21092.13021252752,21320.420483625025,127804.0,8,17821.625,35285.599999999984,1039.98545975,885,0.3647200901758291,8,0.9760045053562713,True,0,,,,,,,-0.023948861089314155,26350.0,900.0
m8_p1024_k400k_s32000_r30_c32_m0_0,32000,31.877,1024,400000,32000,rocksdb,False,False,28015.000088896002,28026.076666666668,3389.4477992301536,3389.4477992301536,4842.5852309212505,4936.928196395191,39981.0,28,14699.035714285714,21075.299999999996,1004.4098490714285,834,0.3247278638071397,28,1.000395380251134,False,0,,,,,,,0.0004754182845967403,28221.0,900.0
m8_p1024_k400k_s32000_r30_c48_m0_0,48000,47.56999999999999,1024,400000,32000,rocksdb,False,False,28014.999877760663,27999.555555555555,3999.501787806156,3999.501787806156,5964.524844402292,6085.851556334227,41596.0,19,15781.263157894737,26576.599999999995,1006.98038,861,0.3508298595357302,19,0.9994487123943424,False,0,,,,,,,-0.0004113451939847801,27863.0,900.0
m8_p1024_k400k_s32000_r30_c72_m0_0,72000,72.461,1024,400000,32000,rocksdb,False,False,28015.000405596566,28011.82,1428.4520312020663,1428.4520312020663,2212.7666529899006,2277.5914623025405,31381.0,13,13163.307692307691,16538.199999999997,1013.5077222307693,874,0.05300751943074219,13,0.9998864749044969,False,0,,,,,,,-1.2415239710739101e-05,27984.0,900.0
m8_p1024_k800k_s32000_r30_c112_m0_0,112000,111.951,1024,800000,32000,rocksdb,False,False,29320.00003333394,29479.09833333333,4987.987607801663,4987.987607801663,7264.442282834409,7391.710679809915,37658.0,11,19471.636363636364,24278.5,1468.020016090909,1139,4.225204655837963,11,1.0054262721629779,False,0,,,,,,,0.005444705315908571,28585.0,1200.0
m8_p1024_k800k_s32000_r30_c160_m0_0,160000,162.372,1024,800000,32000,rocksdb,False,False,29319.999799971993,29300.7525,23531.73573377794,23531.73573377794,31604.551208369136,31917.69100887426,95363.0,8,21465.25,26882.6,1562.023495375,1143,8.344815720277342,8,0.9993435436526841,False,0,,,,,,,-0.0005165286613285636,23551.0,1200.0
m8_p1024_k800k_s32000_r30_c48_m0_0,48000,47.8255,1024,800000,32000,rocksdb,False,False,29324.32612662326,29183.549166666668,8786.051718863644,8786.051718863644,12321.219930298059,12512.290291313951,57340.0,25,21233.44,27094.199999999997,1555.84148056,1046,6.530095973860902,25,0.9951993113380095,False,0,,,,,,,-0.004526103778949575,28181.5,1200.0
m8_p1024_k800k_s32000_r30_c72_m0_0,72000,72.295,1024,800000,32000,rocksdb,False,False,29314.745983065535,26376.3125,64166.62549762532,64166.62549762532,76441.61255504662,76821.01330003326,225279.0,16,33669.75,83849.0,1558.925323625,1089,6.100902381923704,16,0.8997626148709253,True,0,,,,,,,-0.10017739695553851,21507.0,1200.0
m9_p1024_k200k_s32000_r30_c20_m55_0,20000,20.885,1024,200000,32000,rocksdb,False,False,32707.523126140462,43263.2,7215.6001024735415,1252.725824614138,10261.17356086312,10396.043735669115,35849.0,24,8879.25,12785.849999999999,619.8007305416667,250,-0.05310585324805698,11,1.3227293253955767,False,11,2410.5454545454545,8.516381790069435,25286.842995383522,19886.399244276752,84357.5,10.776181818181819,0.32374861182668324,32632.0,600.0
m9_p1024_k200k_s32000_r30_c28_m55_0,28000,30.8585,1024,200000,32000,rocksdb,False,False,32677.000120027205,49199.386666666665,22372.809272419116,4591.616464791666,27846.74218201636,28078.21747103758,116284.0,15,8730.866666666667,12473.599999999999,584.2874924666667,363,-0.04875749988929622,12,1.505627398046039,False,10,2306.8,13.58373830911653,21130.597509765626,41720.283953849284,97396.5,24.892000000000003,0.505968750962924,34017.0,600.0
m9_p1024_k200k_s32000_r30_c32_m55_ctl_0,32000,37.1485,1024,200000,32000,rocksdb,False,False,32676.998828214204,50069.46,17248.328565390293,552.4246513464345,22224.097706033444,22457.366144685137,100414.0,15,8802.933333333332,11722.899999999996,621.0164577333334,255,0.21367436018576946,8,1.53225393382114,False,9,2857.6666666666665,15.532650385604114,36327.778781467016,41790.96163325867,99388.0,16.234333333333336,0.5324097288102358,33097.0,600.0
m9_p1024_k200k_s32000_r30_c40_m55_0,40000,52.722,1024,200000,32000,rocksdb,False,False,32699.947291869605,49903.01,22871.987909914318,429.0157539022892,29219.70926436435,29465.63678934397,112452.0,12,8334.666666666666,10119.35,617.69661575,283,0.5505947777182573,7,1.5260883925769417,False,9,1644.2222222222222,10.613511999331052,44523.12896050347,47840.22611284373,91213.0,18.14922222222222,0.5272898606006142,32738.0,600.0
m9_p1024_k200k_s32000_r30_c56_m55_0,56000,56.888,1024,200000,32000,rocksdb,False,False,32677.000141691464,54467.645,38465.249104797294,724.6232447808819,47539.178895929865,47828.72417811834,180967.0,8,10003.75,15249.799999999997,684.698447875,240,0.4773541587415538,3,1.6668496117704084,False,9,1744.4444444444443,20.212631213391372,45219.03640407986,61036.89431588525,99973.5,41.06100000000001,0.6671413615086725,32405.5,600.0
m9_p1024_k200k_s32000_r30_c80_m55_0,80000,89.105,1024,200000,32000,rocksdb,False,False,32677.000473405922,53491.96,23280.5519257785,227.59191088749415,29060.737539311205,29256.358155256727,94689.0,5,8067.6,9755.6,529.521875,267,0.06216923201392513,3,1.636991132143058,False,7,2006.4285714285713,9.52782546941306,39018.323486328125,57403.98706989786,101567.0,45.39128571428571,0.6372421759433693,33075.0,600.0
m9_p1024_k200k_s32000_r65_c20_m55_0,20000,21.323999999999998,1024,200000,32000,rocksdb,False,False,70800.99960322621,66967.04,125545.94365476907,128349.1703280383,139097.34138921177,139402.41543237786,197569.0,25,9307.44,11082.8,551.93309508,489,3.151883412398607,23,0.9458487927471081,True,7,2103.5714285714284,92.74708844186424,2851.45947265625,105591.83307441666,nan,12.619857142857143,-0.05389575910785083,83656.0,600.0
m9_p1024_k200k_s32000_r65_c28_m55_0,28000,29.024,1024,200000,32000,rocksdb,False,False,70801.00024172508,72984.80166666667,90108.98404731798,86022.72180117393,100818.64583023575,101350.4826307331,200921.0,18,8954.111111111111,10490.25,538.4267473333334,483,2.8174461092064873,16,1.0308442171365626,False,7,2409.714285714286,87.20403619697292,2806.2440592447915,108664.26527342145,104432.0,19.037000000000003,0.031093398041089015,84593.0,600.0
m9_p1024_k200k_s32000_r65_c32_m55_ctl_1,32000,33.062,1024,200000,32000,rocksdb,False,False,70835.82612175478,74069.335,90743.46701346335,89880.67541668829,99968.6148067438,100307.90634257303,185205.0,16,9365.375,11948.75,534.3243860625,493,1.9386935149804496,15,1.0456479306486433,False,7,2605.285714285714,52.09495993465069,3213.9622628348216,94301.13327504009,nan,22.784428571428574,0.046118684056468684,95525.0,600.0
m9_p1024_k200k_s32000_r65_c40_m55_0,40000,42.874,1024,200000,32000,rocksdb,False,False,70764.88571504774,80024.39333333333,143198.8627475589,143850.6789040278,152944.79224649334,153254.21984973497,245328.0,10,9250.1,11757.5,541.1998427999999,482,2.400860838622544,7,1.1308489023153556,False,9,2421.3333333333335,134.73229203096713,3094.5429958767363,144465.91717085335,nan,34.52077777777778,0.1310298670940908,100079.5,600.0
m9_p1024_k200k_s32000_r65_c56_m55_0,56000,56.471,1024,200000,32000,rocksdb,False,False,70801.00050675451,77096.89166666666,83230.04325626185,70439.30597479695,94053.31701520176,94360.99332370404,203162.0,10,9791.9,12472.3,646.0746504,431,3.1269332845999003,7,1.0889237597611563,False,8,1840.25,78.61886176450011,9498.584577287946,97776.42049314789,107962.0,23.1705,0.08911253926796303,94266.0,600.0
m9_p1024_k200k_s32000_r65_c80_m55_0,80000,101.0175,1024,200000,32000,rocksdb,False,False,70800.99912155978,80002.4,226873.90196539936,229813.86952608646,234360.88213701505,234630.62845279224,380126.0,5,7983.6,10478.8,549.0728876000001,505,3.375976227221802,5,1.1299614552422081,False,8,2058.125,136.07823696004195,2552.20068359375,209134.2338161043,nan,68.84100000000001,0.13009895061453292,93517.0,600.0
